track_id,track_name,artists_name,artist_count,main_music_genre,main_country,released_year,released_month,released_day,in_spotify_playlists,in_spotify_charts,streams,in_apple_playlists,in_apple_charts,in_deezer_playlists,in_deezer_charts,in_shazam_charts
7792660,Wait a Minute!,Willow,1,Alternative R&B,United States,2015,1,11,11985,0,924193303,79,80,250,3,10
7498965,House Of Memories,Panic! At The Disco,1,Alternative pop,United States,2016,1,15,2948,0,582863434,10,2,150,0,0
3126367,Viva La Vida,Coldplay,1,Alternative rock,United Kingdom,2008,1,1,33898,62,1592909789,233,0,4095,9,0
3412305,Somewhere Only We Know,Keane,1,Alternative rock,United Kingdom,2004,1,1,20015,16,1089402494,107,69,5239,0,558
7224008,Last Christmas,Wham!,1,Christmas pop,United Kingdom,1984,1,1,22153,0,1159176109,274,111,1302,0,
5666047,Mistletoe,Justin Bieber,1,Christmas pop,Canada,2011,1,1,9577,0,629173063,195,111,310,0,0
4738813,Merry Christmas Everyone,Shakin' Stevens,1,Christmas pop,United Kingdom,1984,1,1,1087,0,351636786,90,35,5,0,0
6593931,Driving Home for Christmas - 2019 Remaster,Chris Rea,1,Christmas pop,United Kingdom,1986,1,1,888,0,429504768,50,0,6,0,0
1291434,It's Beginning to Look a Lot Like Christmas (with Mitchell Ayres & His Orchestra),"Perry Como, The Fontane Sisters, Mitchell Ayres & His Orchestra",3,Christmas pop,United States,1958,1,1,6290,0,295998468,89,39,158,0,0
8753775,Let It Snow! Let It Snow! Let It Snow!,"Frank Sinatra, B. Swanson Quartet",2,Christmas pop,United States,1950,1,1,10585,0,473248298,126,108,406,0,0
8576945,Rockin' Around The Christmas Tree,Brenda Lee,1,Christmas rock,United States,1958,1,1,14994,0,769213520,191,168,206,0,
6372609,Jingle Bell Rock,Bobby Helms,1,Christmas rock,United States,1957,1,1,10326,0,741301563,165,99,104,0,
4002890,A Holly Jolly Christmas - Single Version,Burl Ives,1,Christmas traditional,United States,1952,1,1,7930,0,395591396,108,120,73,0,0
6909746,White Christmas,"Bing Crosby, John Scott Trotter & His Orchestra, Ken Darby Singers",3,Christmas traditional,United States,1942,1,1,11940,0,395591396,73,79,123,0,0
8167749,Deck The Hall - Remastered 1999,Nat King Cole,1,Christmas traditional,United States,1959,1,1,3299,0,127027715,65,39,41,0,0
3092002,Jingle Bells - Remastered 1999,Frank Sinatra,1,Christmas traditional,United States,1957,1,1,4326,0,178660459,32,3,65,0,0
1078549,El Gordo Trae El Mando,Chino Pacas,1,Corridos tumbados,Mexico,2023,1,27,539,21,255932395,7,71,4,2,13
7143216,PRC,"Natanael Cano, Peso Pluma",2,Corridos tumbados,Mexico,2023,1,23,961,26,436027885,19,143,10,6,15
5836808,Fin de Semana,"Oscar Maydon, Junior H",2,Corridos tumbados,Mexico,2023,1,13,592,14,307370144,11,84,6,1,30
3252628,Last Night,Morgan Wallen,1,Country,United States,2023,1,31,2420,19,429829812,52,107,15,1,325
3546129,Everything I Love,Morgan Wallen,1,Country,United States,2023,1,31,579,0,95623148,11,54,0,0,103
2841488,I Wrote The Book,Morgan Wallen,1,Country,United States,2023,1,31,430,0,83021468,15,17,0,0,0
6429519,Where Did You Go?,"MNEK, Jax Jones",2,Dance,United Kingdom,2022,1,26,4531,0,300983101,135,74,119,1,18
4765423,Space Song,Beach House,1,Dream pop,United States,2015,1,1,17852,4,789753877,69,76,335,0,
7741272,Rumble,"Skrillex, Flowdan, Fred again..",3,Dubstep,United States,2022,1,17,2849,0,78489819,39,45,27,0,1
7405938,Wake Me Up - Radio Edit,Avicii,1,EDM,Sweden,2013,1,1,50887,34,1970673297,315,160,6284,1,46
4242212,We Found Love,"Rihanna, Calvin Harris",2,EDM,Barbados,2011,1,1,36843,21,1235005533,321,91,4607,1,58
7456153,The Nights,Avicii,1,EDM,Sweden,2014,1,1,17354,8,1456081449,92,122,1282,0,55
5906167,Get Lucky - Radio Edit,"Pharrell Williams, Nile Rodgers, Daft Punk",3,Funk,France,2013,1,1,52898,0,933815613,203,1,8215,0,0
2394886,Mockingbird,Eminem,1,Heavy metal,United States,2004,1,1,12985,61,1241559043,49,98,2394,5,204
7811952,Money Trees,"Kendrick Lamar, Jay Rock",2,Heavy metal,United States,2012,1,1,26792,32,1093605526,69,113,695,0,458
1663974,Without Me,Eminem,1,Heavy metal,United States,2002,1,1,21081,43,1687664027,98,76,3889,5,0
2670198,The Real Slim Shady,Eminem,1,Heavy metal,United States,2000,1,1,20763,27,1424589568,81,53,3271,1,17
6766942,Lose Yourself - Soundtrack Version,Eminem,1,Heavy metal,United States,2002,1,1,32502,21,1829992958,247,54,5567,1,51
6047703,Astronaut In The Ocean,Masked Wolf,1,Heavy metal,Australia,2019,1,1,7191,0,1138474110,146,18,478,0,7
2285737,Still D.R.E.,"Dr. Dre, Snoop Dogg",2,Heavy metal,United States,1999,1,1,33966,0,1210599487,141,78,6591,1,0
3333614,The Next Episode,"Dr. Dre, Snoop Dogg",2,Heavy metal,United States,1999,1,1,31762,0,843309044,142,40,5451,1,953
4918126,In Da Club,50 Cent,1,Heavy metal,United States,2002,1,1,30427,7,1202722675,235,106,5221,1,35
3363172,Forgot About Dre,"Eminem, Dr. Dre",2,Heavy metal,United States,1999,1,1,19067,0,675039469,78,15,1674,0,3
8455676,Heartless,Kanye West,1,Heavy metal,United States,2008,1,1,17504,34,887906111,63,39,1315,0,2
3968436,Bound 2,Kanye West,1,Heavy metal,United States,2013,1,1,19806,7,703301727,33,11,274,0,0
3284752,BILLIE EILISH.,Armani White,1,Heavy metal,United States,2022,1,20,2537,0,277132266,49,1,67,11,1
7271843,Friday (feat. Mufasa & Hypeman) - Dopamine Re-Edit,"Riton, Nightcrawlers, Mufasa & Hypeman, Dopamine",4,House,United Kingdom,2021,1,15,12043,0,863756573,209,54,710,0,18
8502696,Riptide,Vance Joy,1,Indie folk,Australia,1975,1,1,31123,55,2009094673,300,65,1003,1,0
1216337,Summertime Sadness,Lana Del Rey,1,Indie pop,United States,2011,1,1,20333,52,983637508,89,143,1632,3,200
4458161,Radio,Lana Del Rey,1,Indie pop,United States,2011,1,1,9389,46,284819874,24,122,282,3,368
8715137,Miserable Man,David Kushner,1,Indie pop,United States,2022,1,7,788,0,124407432,13,0,32,1,0
3780370,Somebody That I Used To Know,"Gotye, Kimbra",2,Indie pop,Australia,2011,1,1,42798,0,1457139296,217,136,6508,1,
1406287,I Wanna Be Yours,Arctic Monkeys,1,Indie rock,United Kingdom,2013,1,1,12859,110,1297026226,24,98,582,2,73
2664577,Do I Wanna Know?,Arctic Monkeys,1,Indie rock,United Kingdom,2013,1,1,33783,26,1788326445,133,92,2733,1,26
5999455,Why'd You Only Call Me When You're High?,Arctic Monkeys,1,Indie rock,United Kingdom,2013,1,1,23389,29,1267333350,54,70,1089,2,1
5922471,The Rumbling (TV Size),SiM,1,J-rock,Japan,2022,1,10,254,0,71014967,0,4,23,0,0
2437608,OMG,NewJeans,1,K-pop,South Korea,2023,1,2,1783,27,430977451,26,124,15,1,22
7349725,VIBE (feat. Jimin of BTS),"TAEYANG, Jimin",2,K-pop,South Korea,2023,1,13,415,2,152850295,15,40,21,1,15
8537557,Sugar Rush Ride,TOMORROW X TOGETHER,1,K-pop,South Korea,2023,1,27,359,0,107642809,12,56,13,0,13
7822780,Blessed-Cursed,ENHYPEN,1,K-pop,South Korea,2022,1,10,246,0,77337771,2,12,10,0,0
4064553,Polaroid Love,ENHYPEN,1,K-pop,South Korea,2022,1,10,461,0,211372494,10,56,17,0,0
4669801,"Shakira: Bzrp Music Sessions, Vol. 53","Shakira, Bizarrap",2,Latin pop,Argentina,2023,1,11,5724,44,721975598,119,108,254,29,22
8941056,Entre Nosotros (Remix) [con Nicki Nicole],"Lit Killah, Maria Becerra, Tiago pzk, NICKI NICOLE",4,Latin trap,Argentina,2022,1,5,759,3,236940480,32,0,12,0,0
5673293,Murder In My Mind,Kordhell,1,Phonk,United States,2022,1,21,2459,20,448843705,20,68,50,0,22
2744235,Contection,"GODZZ__-, Zakaria",2,Phonk,Russia,2020,1,16,6955,0,1180896317,65,45,398,0,1
7662572,Flowers,Miley Cyrus,1,Pop,United States,2023,1,12,12211,115,1316855716,300,215,745,58,1021
3921634,Blank Space,Taylor Swift,1,Pop,United States,2014,1,1,11434,53,1355959075,154,123,410,2,81
4796316,Style,Taylor Swift,1,Pop,United States,2014,1,1,7830,42,786181836,94,111,151,4,82
1729982,Lover,Taylor Swift,1,Pop,United States,2012,1,1,8448,23,882831184,160,110,163,0,5
3253565,Perfect,Ed Sheeran,1,Pop,United Kingdom,2017,1,1,16596,13,2559529074,7,0,2094,0,0
6735267,Enchanted,Taylor Swift,1,Pop,United States,2010,1,1,4564,16,621660989,24,101,113,0,40
2031309,Shake It Off,Taylor Swift,1,Pop,United States,2014,1,1,21335,13,1113838873,328,70,1378,9,20
4299313,Shape of You,Ed Sheeran,1,Pop,United Kingdom,2017,1,6,32181,10,3562543890,33,0,6808,7,0
2008299,Just The Way You Are,Bruno Mars,1,Pop,United States,2010,1,1,21106,13,1641426668,82,0,2946,0,0
8213022,Unstoppable,Sia,1,Pop,Australia,2016,1,21,7681,13,939844851,119,66,1145,2,
1824533,Sial,Mahalini,1,Pop,Indonesia,2023,1,23,134,4,166570053,4,6,0,0,23
7921549,Bloody Mary,Lady Gaga,1,Pop,United States,2011,1,1,3909,0,372476382,66,26,277,3,734
5911914,Love Again,The Kid Laroi,1,Pop,Australia,2023,1,27,1283,0,147538971,57,4,48,0,0
2023447,TRUSTFALL,P!nk,1,Pop,United States,2023,1,27,2098,16,134255790,88,24,101,7,451
2886961,Snowman,Sia,1,Pop,Australia,2017,1,1,5140,0,690104769,85,110,500,0,
5380546,Fingers Crossed,"Lauren Spencer Smith, Lauren Spencer Smith, Lauren Spencer Smith",3,Pop,Canada,2022,1,5,2235,0,349585590,65,7,70,16,6
5750956,drivers license,Olivia Rodrigo,1,Pop,United States,2021,1,8,12685,3,1858144199,185,61,485,0,
7120733,Light Switch,Charlie Puth,1,Pop,United States,2022,1,19,4049,0,500340342,119,6,85,1,1
3923724,Numb Little Bug,Em Beihold,1,Pop,United States,2022,1,28,2026,0,258714692,47,3,42,12,6
1904373,Cool for the Summer,Demi Lovato,1,Pop,United States,2015,1,1,9243,0,677389855,155,5,577,0,6
4527090,Yellow,Chris Molitor,1,Pop,United States,1999,1,1,31358,43,1755214421,196,2,4053,5,0
4350729,Set Fire to the Rain,Adele,1,Pop,United Kingdom,2011,1,1,14739,43,1163620694,88,112,2163,5,519
2296238,I'm Not Here To Make Friends,"Sam Smith, Calvin Harris, Jessie Reyez",3,Pop,United Kingdom,2023,1,27,1890,0,103787664,86,1,49,0,9
3181974,Thinking Out Loud,Ed Sheeran,1,Pop,United Kingdom,2014,1,1,33032,0,2280566092,363,129,3895,0,28
2061482,Only Love Can Hurt Like This,Paloma Faith,1,Pop,United Kingdom,2014,1,1,5148,0,588955257,90,22,365,0,114
4181228,Believer,Imagine Dragons,1,Pop rock,United States,2017,1,31,18986,23,2594040133,250,121,2969,10,31
7325433,Counting Stars,OneRepublic,1,Pop rock,United States,2013,1,1,29215,43,2011464183,179,97,3394,11,153
8580552,Demons,Imagine Dragons,1,Pop rock,United States,2012,1,1,26694,13,1840364617,65,82,3425,4,13
1967014,Payphone,"Maroon 5, Wiz Khalifa",2,Pop rock,United States,2012,1,1,14143,4,1479264469,56,38,1891,1,
4491971,Is There Someone Else?,The Weeknd,1,R&B,Canada,2022,1,7,2881,6,391251368,13,89,34,0,3
6386843,Best Friends,The Weeknd,1,R&B,Canada,2022,1,7,1292,0,101114984,3,18,14,0,0
3115886,Lost,Frank Ocean,1,R&B,United States,2012,1,1,29499,11,822239726,124,27,587,0,4
7432867,I Heard You're Married (feat. Lil Wayne),"The Weeknd, Lil Wayne",2,R&B,Canada,2022,1,7,1178,0,91656026,9,10,9,0,0
8729578,Pass The Dutchie,Musical Youth,1,Reggae,United Kingdom,1982,1,1,5328,0,195918494,54,76,900,0,0
2395685,WANDA,Quevedo,1,Reggaeton,Spain,2023,1,20,888,22,175399345,11,24,7,1,7
3766692,Danza Kuduro,"Don Omar, Lucenzo",2,Reggaeton,Puerto Rico,2010,1,1,17138,37,1279434863,119,81,974,1,503
6552512,Every Breath You Take - Remastered 2003,The Police,1,Rock,United Kingdom,1983,1,6,22439,19,1593270737,211,74,929,0,129
1534505,Dream On,Aerosmith,1,Rock,United States,1973,1,5,168,0,838586769,0,0,5,0,0
7080917,Sweet Child O' Mine,Guns N' Roses,1,Rock,United States,1987,1,1,41231,1,1553497987,228,151,6720,3,99
8597238,Run Rudolph Run - Single Version,Chuck Berry,1,Rock,United States,1958,1,1,8612,0,245350949,120,30,52,0,1
6845168,Erro Gostoso - Ao Vivo,Simone Mendes,1,Sertanejo,Brazil,2023,1,27,984,5,153454328,8,57,76,2,49
1776310,I'm Not The Only One,Sam Smith,1,Soul,United Kingdom,2014,1,1,17492,3,1606986953,136,24,1959,0,30
3355993,A Tale By Quincy,The Weeknd,1,Spoken word,Canada,2022,1,7,733,0,41924466,0,2,2,0,0
7332091,Phantom Regret by Jim,The Weeknd,1,Spoken word,Canada,2022,1,7,768,0,31959571,1,1,3,0,0
7726159,Sacrifice,The Weeknd,1,Synth-pop,Canada,2022,1,7,4440,0,326792833,81,77,133,0,
4501584,How Do I Make You Love Me?,The Weeknd,1,Synth-pop,Canada,2022,1,7,1915,0,119238316,7,47,15,0,0
6131592,Gasoline,The Weeknd,1,Synth-pop,Canada,2022,1,7,2297,0,116903579,11,29,14,0,0
5426643,Less Than Zero,The Weeknd,1,Synth-pop,Canada,2022,1,7,2800,0,200660871,18,77,61,0,1
7175350,Dawn FM,The Weeknd,1,Synth-pop,Canada,2022,1,7,811,0,53933526,1,8,6,0,0
2717112,Starry Eyes,The Weeknd,1,Synth-pop,Canada,2022,1,7,1014,0,74601456,1,17,11,0,0
1297061,Every Angel is Terrifying,The Weeknd,1,Synth-pop,Canada,2022,1,7,715,0,37307967,0,1,2,0,0
7853001,Out of Time,The Weeknd,1,Synth-pop,Canada,2022,1,7,3711,0,339659802,49,88,62,0,
6002262,Lost in the Fire,"The Weeknd, Gesaffelstein",2,Synth-pop,Canada,2019,1,11,7731,2,686734357,110,145,447,0,46
4464368,thought i was playing,"21 Savage, Gunna",2,Trap,United States,2022,1,7,807,0,60680939,3,0,5,0,0
6457168,25k jacket (feat. Lil Baby),"Gunna, Lil Baby",2,Trap,United States,2022,1,7,620,0,54937991,17,3,3,0,0
1582892,pushin P (feat. Young Thug),"Young Thug, Future, Gunna",3,Trap,United States,2022,1,7,3517,0,311395144,54,28,43,0,0
8246992,Tormenta (feat. Bad Bunny),"Gorillaz, Bad Bunny",2,Alternative,United Kingdom,2023,2,24,1529,0,149778242,32,18,39,2,0
4703367,"I'm Tired - From ""Euphoria"" An Original HBO Series",Labrinth,1,Alternative,United Kingdom,2022,2,4,1888,0,121913181,26,1,58,0,0
3595953,El Azul,"Junior H, Peso Pluma",2,Corridos tumbados,Mexico,2023,2,10,692,25,354495408,10,107,6,3,62
6523480,Something Just Like This,"The Chainsmokers, Coldplay",2,EDM,United States,2017,2,22,23375,21,2204080728,336,188,2692,3,30
3380441,Belly Dancer,"BYOR, Imanbek",2,EDM,Kazakhstan,2022,2,18,5115,13,383835984,109,38,301,1,33
3895305,Private Landing (feat. Justin Bieber & Future),"Don Toliver, Future, Justin Bieber",3,Heavy metal,United States,2023,2,23,1190,0,105062254,29,3,18,0,19
1336403,City of Gods,"Kanye West, Alicia Keys, Fivio Foreign",3,Heavy metal,United States,2022,2,11,2096,0,107255472,34,3,30,0,0
1338081,Do We Have A Problem?,"Nicki Minaj, Lil Baby",2,Heavy metal,United States,2022,2,4,1064,0,81350745,42,1,26,0,0
7165052,Gospel (with Eminem),"Eminem, Dr. Dre",2,Heavy metal,United States,2022,2,4,1040,0,64787943,8,0,29,0,0
3371670,Nail Tech,Jack Harlow,1,Heavy metal,United States,2022,2,18,2939,0,193443895,42,0,24,0,0
2762640,Freaky Deaky,"Tyga, Doja Cat",2,Heavy metal,United States,2022,2,25,1729,0,153240879,26,1,19,0,0
2313207,Watch This - ARIZONATEARS Pluggnb Remix,"sped up nightcore, ARIZONATEARS, Lil Uzi Vert",3,Hip-hop,United States,2023,2,5,1638,10,207033255,0,0,21,0,0
6213355,Bussin,"Nicki Minaj, Lil Baby",2,Hip-hop,United States,2022,2,11,847,0,64714573,25,0,14,0,0
1630789,The Night We Met,Lord Huron,1,Indie folk,United States,2015,2,2,18515,35,1410088830,70,82,939,1,162
4341380,Shut up My Moms Calling,Hotel Ugly,1,Indie pop,United States,2020,2,10,1788,14,405136812,1,50,19,0,19
1726395,Boy's a liar Pt. 2,"PinkPantheress, Ice Spice",2,Jersey club,United Kingdom,2023,2,3,5184,41,156338624,154,84,102,14,37
2013796,Cupid - Twin Ver.,Fifty Fifty,1,K-pop,South Korea,2023,2,24,2942,77,496795686,91,212,78,6,0
8571641,Cupid,Fifty Fifty,1,K-pop,South Korea,2023,2,24,526,10,139681964,15,93,30,0,320
1461831,Stay Alive (Prod. SUGA of BTS),Jung Kook,1,K-pop,South Korea,2022,2,11,590,5,246376690,4,113,20,0,1
5697442,DARARI,Treasure,1,K-pop,South Korea,2022,2,15,328,0,182978249,10,21,7,0,9
2166249,O.O,NMIXX,1,K-pop,South Korea,2022,2,22,290,0,135444283,9,66,10,0,0
1743307,Cupido,Tini,1,Latin pop,Argentina,2023,2,14,1240,24,217672943,51,29,63,4,54
1397395,MIENTRAS ME CURO DEL CORA,Karol G,1,Latin pop,Colombia,2023,2,24,1020,35,206399629,15,26,30,6,0
7724259,Fuera del mercado,Danny Ocean,1,Latin pop,Venezuela,2022,2,17,2499,21,421365166,68,24,43,1,0
1392259,Ojos Marrones,Lasso,1,Latin pop,Venezuela,2022,2,6,795,11,263280370,26,18,15,1,4
1696728,Rara Vez,"Taiu, Milo j",2,Latin trap,Argentina,2023,2,8,893,38,248088961,19,23,24,3,88
3833877,ULTRA SOLO,"Polima WestCoast, Pailita",2,Latin trap,Chile,2022,2,14,1367,0,307752576,48,4,34,1,0
8965193,Everybody Wants To Rule The World,Tears For Fears,1,New wave,United Kingdom,1985,2,17,41751,25,1205951614,101,32,2655,0,666
4832204,If We Ever Broke Up,Mae Stephens,1,Pop,United Kingdom,2023,2,10,2040,4,165584767,81,27,66,9,444
4538543,Heaven,Niall Horan,1,Pop,Ireland,2023,2,17,1553,2,144584800,61,6,48,0,150
1906058,Boyfriend,Dove Cameron,1,Pop,United States,2022,2,11,3766,0,496311364,76,0,102,0,2
1130135,The Joker And The Queen (feat. Taylor Swift),"Ed Sheeran, Taylor Swift",2,Pop,United Kingdom,2022,2,11,1430,0,146789379,46,1,34,0,0
6554322,Brividi,"Mahmood, Blanco",2,Pop,Italy,2022,2,2,1175,0,135079152,34,1,31,0,0
5667205,Tattoo,Loreen,1,Pop,Sweden,2023,2,25,2988,59,201660859,74,102,145,18,925
1159428,she's all i wanna be,Tate McRae,1,Pop rock,Canada,2022,2,4,2711,0,343197054,105,12,51,0,12
1230186,SPACE MAN,Sam Ryder,1,Pop rock,United Kingdom,2022,2,22,1329,0,54682594,42,51,32,0,0
1014962,Dark Red,Steve Lacy,1,R&B,United States,2017,2,20,10431,7,920045682,71,53,181,0,10
3347693,After Hours,The Weeknd,1,R&B,Canada,2020,2,19,8084,6,698086140,45,115,218,1,221
6261319,HEARTBREAK ANNIVERSARY,Giveon,1,R&B,United States,2020,2,21,5398,4,951637566,111,127,210,0,37
6230777,Die For You - Remix,"Ariana Grande, The Weeknd",2,R&B,United States,2023,2,24,3408,47,518745108,87,86,74,1,16
2770990,Moonlight,Kali Uchis,1,R&B,United States,2023,2,24,2649,42,256483385,67,79,57,1,615
2838411,MAMIII,"Karol G, Becky G",2,Reggaeton,Colombia,2022,2,10,6809,28,716591492,151,102,175,5,29
4974042,A Tu Merced,Bad Bunny,1,Reggaeton,Puerto Rico,2020,2,29,4214,11,685071800,21,20,40,0,0
8134740,La Santa,"Daddy Yankee, Bad Bunny",2,Reggaeton,Puerto Rico,2020,2,29,4890,20,759208783,52,42,100,0,0
3775590,La Zona,Bad Bunny,1,Reggaeton,Puerto Rico,2020,2,29,1188,0,312622938,13,1,15,0,1
3464535,TQG,"Karol G, Shakira",2,Reggaeton,Colombia,2023,2,23,4284,49,618990393,115,123,184,18,354
4945945,AMARGURA,Karol G,1,Reggaeton,Colombia,2023,2,24,1133,39,153372011,14,71,23,10,176
6778924,X SI VOLVEMOS,"Karol G, Romeo Santos",2,Reggaeton,Colombia,2023,2,2,2127,33,266624541,45,80,53,8,4
7230461,Di Que Si,"Grupo Marca Registrada, Grupo Frontera",2,Regional Mexican,Mexico,2023,2,3,356,10,147290338,4,64,4,2,37
2153574,Ya No Somos Ni Seremos,Christian Nodal,1,Regional Mexican,Mexico,2022,2,18,866,16,319757142,27,84,32,7,11
8174616,JGL,"Luis R Conriquez, La Adictiva",2,Regional Mexican,Mexico,2022,2,18,782,9,323455692,15,33,6,1,0
4335470,Nosso Quadro,"Ana Castela, AgroPlay",2,Sertanejo,Brazil,2023,2,2,894,9,233801632,14,88,66,3,72
6829928,Pasoori,"Shae Gill, Ali Sethi",2,Sufi pop,Pakistan,2022,2,6,349,6,284249832,10,22,3,0,0
3434265,Worst Day,Future,1,Trap,United States,2022,2,11,910,0,50746620,20,3,24,0,0
1471634,Softcore,The Neighbourhood,1,Alternative,United States,2018,3,9,3947,12,599770206,33,102,93,0,30
2079388,Meet Me At Our Spot,"THE ANXIETY, Willow, Tyler Cole",3,Alternative R&B,United States,2020,3,13,6734,0,530511203,47,14,90,0,1
5763974,VOID,Melanie Martinez,1,Alternative pop,United States,2023,3,29,596,0,67070410,29,9,12,0,52
8262886,Iris,The Goo Goo Dolls,1,Alternative rock,United States,1998,3,31,13101,9,1284942608,137,5,582,0,0
3049716,Numb,Linkin Park,1,Alternative rock,United States,2003,3,24,20111,5,1361425037,39,0,7341,0,0
1828295,Fim de Semana no Rio,teto,1,Brazilian trap,Brazil,2022,3,30,315,2,139193812,27,2,31,0,0
8499304,Fast Car,Luke Combs,1,Country,United States,2023,3,24,1446,12,157058870,57,97,35,0,429
3970396,Man Made A Bar (feat. Eric Church),"Morgan Wallen, Eric Church",2,Country,United States,2023,3,3,329,0,58890931,14,35,1,0,0
3746522,Born With A Beer In My Hand,Morgan Wallen,1,Country,United States,2023,3,3,203,0,34450974,5,9,0,0,0
4342968,Crazy What Love Can Do,"David Guetta, Ella Henderson, Becky Hill",3,Dance,France,2022,3,18,5290,0,286739476,139,73,142,0,5
5243367,Say Yes To Heaven,Lana Del Rey,1,Dream pop,United States,2023,3,17,2000,46,127567540,49,105,63,1,0
1323431,Apocalypse,Cigarettes After Sex,1,Dream pop,United States,2017,3,21,13091,17,841749534,61,96,790,2,116
1549051,Miracle (with Ellie Goulding),"Calvin Harris, Ellie Goulding",2,EDM,United Kingdom,2023,3,10,5120,48,211050784,161,115,246,9,638
6824324,Hope,XXXTENTACION,1,Emo rap,United States,2018,3,16,3659,0,1200808494,11,10,267,0,7
7036044,Stefania (Kalush Orchestra),KALUSH,1,Folk rap,Ukraine,2022,3,10,555,0,53729194,10,4,4,0,0
1024668,Master of Puppets (Remastered),Metallica,1,Grunge,United States,1986,3,3,6080,0,704171068,112,198,406,1,0
2969049,Area Codes,"Kaliii, Kaliii",2,Heavy metal,United States,2023,3,17,1197,13,113509496,44,34,25,1,171
1111875,DOGTOOTH,"Tyler, The Creator",2,Heavy metal,United States,2023,3,27,1479,0,80758350,23,0,18,0,33
6083108,SORRY NOT SORRY,"Tyler, The Creator",2,Heavy metal,United States,2023,3,31,709,0,58473276,8,1,13,0,0
3143453,HAPPY,NF,1,Heavy metal,United States,2023,3,25,660,0,52722996,22,7,11,0,78
3986213,on the street (with J. Cole),"j-hope, J. Cole",2,Heavy metal,South Korea,2023,3,3,615,2,116599790,22,82,8,0,9
2853933,Red Ruby Da Sleeze,Nicki Minaj,1,Heavy metal,United States,2023,3,3,1168,0,81419389,45,11,20,0,21
5223297,HUMBLE.,Kendrick Lamar,1,Heavy metal,United States,2017,3,30,33206,1,1929770265,284,114,1481,0,5
4148996,What It Is (Solo Version),Doechii,1,Hip-hop,United States,2023,3,17,804,25,95131998,29,76,24,0,162
1214913,I Know - PR1SVX Edit,"Kanii, PR1ISVX",2,Hip-hop,United States,2023,3,24,407,0,77377503,16,15,5,0,1
8399372,Ferrari,"James Hype, Miggy Dela Rosa",2,House,United Kingdom,2022,3,14,7758,28,462791599,173,79,175,0,168
4131863,Bored,Billie Eilish,1,Indie pop,United States,2017,3,30,4204,0,777765388,39,45,250,0,0
4830246,IDGAF (with blackbear),"Blackbear, BoyWithUke",2,Indie pop,United States,2022,3,18,625,0,197643795,10,2,13,0,1
6403499,THE SHADE,Rex Orange County,1,Indie pop,United Kingdom,2022,3,11,1189,6,244928911,17,10,16,0,4
4837745,FLOWER,JISOO,1,K-pop,South Korea,2023,3,31,839,18,232896922,20,110,20,0,69
8513259,Set Me Free Pt.2,Jimin,1,K-pop,South Korea,2023,3,17,340,13,168448603,4,71,16,1,9
7881394,Like Crazy (English Version),Jimin,1,K-pop,South Korea,2023,3,24,373,19,173627354,4,72,5,0,5
3555344,MANIAC,Stray Kids,1,K-pop,South Korea,2022,3,18,651,0,212234990,6,188,20,0,0
8091023,Like Crazy,Jimin,1,K-pop,South Korea,2023,3,24,596,68,363369738,8,104,23,2,29
4823840,Shorty Party,"Cartel De Santa, La Kelly",2,Latin hip-hop,Mexico,2023,3,4,432,12,162887075,8,14,12,2,33
7860258,Bam Bam (feat. Ed Sheeran),"Camila Cabello, Ed Sheeran",2,Latin pop,Cuba,2022,3,4,6111,4,756907987,185,40,492,9,35
4265182,"Residente: Bzrp Music Sessions, Vol. 49","Residente, Bizarrap",2,Latin rap,Puerto Rico,2022,3,3,461,0,94616487,7,11,13,0,0
5560446,Coco Chanel,"Bad Bunny, Eladio Carrion",2,Latin trap,Puerto Rico,2023,3,17,1962,38,250305248,28,89,29,5,82
6009839,Plan A,Paulo Londra,1,Latin trap,Argentina,2022,3,23,1105,0,240661097,32,0,19,0,0
3841850,Si Quieren Frontear,"De La Ghetto, Duki, Quevedo",3,Latin trap,Puerto Rico,2022,3,31,859,0,178512385,14,0,11,0,0
7412049,El Merengue,"Marshmello, Manuel Turizo",2,Merengue,United States,2023,3,3,2114,44,223633238,80,75,110,11,323
3197174,As It Was,Harry Styles,1,Pop,United Kingdom,2022,3,31,23575,130,2513188493,403,198,863,46,
6698200,Ghost,Justin Bieber,1,Pop,Canada,2021,3,19,5866,24,1167330737,107,38,95,0,
5675634,SNAP,Rosa Linn,1,Pop,Armenia,2022,3,19,3202,18,726307468,148,80,226,24,0
1956320,Eyes Closed,Ed Sheeran,1,Pop,United Kingdom,2023,3,23,2915,30,195576623,116,69,107,3,675
5142009,Save Your Tears (with Ariana Grande) (Remix),"Ariana Grande, The Weeknd",2,Pop,Canada,2020,3,20,9161,5,1221813483,240,98,468,3,10
5864281,Heather,Conan Gray,1,Pop,United States,2020,3,20,6170,7,1301799902,82,1,231,0,2
6181977,Arcade,Duncan Laurence,1,Pop,Netherlands,2019,3,7,6646,0,991336132,107,47,584,1,
7700274,Hati-Hati di Jalan,Tulus,1,Pop,Indonesia,2022,3,3,200,2,202677468,12,4,0,0,0
4518298,When You're Gone,Shawn Mendes,1,Pop,Canada,2022,3,31,2092,0,255120451,75,11,44,0,14
3814670,SNAP,Rosa Linn,1,Pop,Armenia,2022,3,19,1818,0,711366595,3,0,63,0,353
5415405,Levitating (feat. DaBaby),"Dua Lipa, DaBaby",2,Pop,United Kingdom,2020,3,27,15894,8,1802514301,198,13,544,0,60
5370460,Levitating,Dua Lipa,1,Pop,United Kingdom,2020,3,27,9833,0,797196073,233,82,531,1,1
1904497,Sweetest Pie,"Dua Lipa, Megan Thee Stallion",2,Pop rap,United Kingdom,2022,3,11,3501,0,299634472,69,2,51,11,0
6642483,10 Things I Hate About You,Leah Kate,1,Pop rock,United States,2022,3,23,1301,0,185550869,23,1,15,0,0
2480109,Bones,Imagine Dragons,1,Pop rock,United States,2021,3,11,4198,44,838079900,98,108,327,17,153
6029543,I Was Never There,"The Weeknd, Gesaffelstein",2,R&B,Canada,2018,3,29,4188,15,705469769,30,70,142,0,27
6387600,Call Out My Name,The Weeknd,1,R&B,Canada,2018,3,29,11087,6,1449799467,151,107,801,1,105
3252166,Peaches (feat. Daniel Caesar & Giveon),"Justin Bieber, Daniel Caesar, Giveon",3,R&B,Canada,2021,3,19,14140,0,1445941661,231,52,612,6,
6456333,Classy 101,"Feid, Young Miko",2,Reggaeton,Colombia,2023,3,31,2610,40,335222234,43,100,54,14,187
2484929,Mas Rica Que Ayer,"Mambo Kingz, DJ Luian, Anuel Aa",3,Reggaeton,Puerto Rico,2023,3,2,1208,34,146409671,10,41,20,0,1
7989475,REMIX EXCLUSIVO,Feid,1,Reggaeton,Colombia,2023,3,17,1235,9,117206995,20,8,15,0,6
7500786,Pantysito,"Feid, Alejo, Robi",3,Reggaeton,Colombia,2022,3,18,2995,0,273005485,49,17,30,0,0
6247887,LALA,Myke Towers,1,Reggaeton,Puerto Rico,2023,3,23,1474,48,133716286,48,126,58,14,382
5586506,La Bebe - Remix,"Peso Pluma, Yng Lvcas",2,Reggaeton,Mexico,2023,3,17,2953,44,553634067,49,110,66,13,339
1710471,Chanel,"Becky G, Peso Pluma",2,Reggaeton,United States,2023,3,30,681,10,161460990,15,92,21,2,26
5402623,Dijeron Que No La Iba Lograr,"Fuerza Regida, Chino Pacas",2,Regional Mexican,United States,2023,3,14,320,6,116334601,5,48,2,1,9
2150360,Soy El Unico,Yahritza Y Su Esencia,1,Regional Mexican,United States,2022,3,25,226,0,126443991,5,0,4,0,1
1892693,Ella Baila Sola,"Eslabon Armado, Peso Pluma",2,Regional Mexican,Mexico,2023,3,16,3090,50,725980112,34,222,43,13,418
2098417,Seu Brilho Sumiu - Ao Vivo,"Israel & Rodolffo, Mari Fernandez",2,Sertanejo,Brazil,2023,3,1,967,5,138517666,7,29,51,1,29
7345306,Leave The Door Open,"Bruno Mars, Anderson .Paak, Silk Sonic",3,Soul,United States,2021,3,5,14417,0,1115880852,237,123,569,0,10
1961503,Save Your Tears,The Weeknd,1,Synth-pop,Canada,2020,3,20,12688,13,1591223784,197,115,112,0,200
5701355,Starlight,Dave,1,UK rap,United Kingdom,2022,3,3,1856,3,229473310,29,40,31,1,1
1928790,One Dance,"Drake, WizKid, Kyla",3,Afrobeats,Canada,2016,4,4,43257,24,2713922350,433,107,3631,0,26
3475077,Never Felt So Alone,Labrinth,1,Alternative,United Kingdom,2023,4,7,1730,3,117747907,46,5,51,0,20
6130665,psychofreak (feat. WILLOW),"Camila Cabello, Willow",2,Alternative pop,United States,2022,4,7,918,0,75476209,24,0,52,0,0
6107898,Something in the Orange,Zach Bryan,1,Country,United States,2022,4,22,3282,12,449701773,67,84,46,16,117
7107144,Baby Don't Hurt Me,"David Guetta, Anne-Marie, Coi Leray",3,Dance,France,2023,4,6,4277,66,177740666,145,111,213,11,810
1593131,Beautiful Girl,Luciano,1,Dancehall,Jamaica,2022,4,22,710,4,160035717,16,11,18,0,0
2754241,Search & Rescue,Drake,1,Heavy metal,Canada,2023,4,7,2066,6,175097833,58,70,43,0,182
8297242,Slut Me Out,NLE Choppa,1,Heavy metal,United States,2022,4,22,816,4,190490915,21,4,13,0,4
5442505,Princess Diana (with Nicki Minaj),"Nicki Minaj, Ice Spice",2,Heavy metal,United States,2023,4,14,1444,4,104992946,0,0,0,0,0
5347552,RAPSTAR,Polo G,1,Heavy metal,United States,2021,4,9,4731,0,797402345,141,12,78,0,0
5663428,First Class,Jack Harlow,1,Heavy metal,United States,2022,4,8,8737,0,694525298,163,32,137,15,12
5191929,In My Head,Lil Tjay,1,Heavy metal,United States,2022,4,1,1185,0,190981339,21,0,31,0,0
7434389,Right On,Lil Baby,1,Heavy metal,United States,2022,4,8,1116,0,101780047,31,9,15,0,1
3827734,WAIT FOR U (feat. Drake & Tems),"Drake, Future, Tems",3,Hip-hop,United States,2022,4,27,5491,14,556585270,128,84,75,0,35
5374189,Daylight,David Kushner,1,Indie pop,United States,2023,4,14,3528,98,387570742,80,156,182,24,1281
7653113,ceilings,Lizzy McAlpine,1,Indie pop,United States,2022,4,8,3242,9,293186992,67,55,48,0,6
1168222,Atlantis,Seafret,1,Indie pop,United Kingdom,2015,4,22,3045,6,571386359,43,53,134,1,32
3872585,Pope Is a Rockstar,SALES,1,Indie pop,United States,2016,4,20,1966,0,156658366,4,2,50,0,0
1442233,Haegeum,Agust D,1,K-hip-hop,South Korea,2023,4,21,244,12,118810253,6,84,10,2,9
5975489,ZOOM,Jessi,1,K-hip-hop,South Korea,2022,4,13,608,0,136996305,5,29,14,0,0
7517093,I AM,IVE,1,K-pop,South Korea,2023,4,10,366,15,123132751,16,102,7,0,55
4502825,Super,SEVENTEEN,1,K-pop,South Korea,2023,4,24,271,12,91221625,16,103,9,0,55
3546474,Shoong! (feat. LISA of BLACKPINK),"TAEYANG, Lisa",2,K-pop,South Korea,2023,4,25,351,9,76910644,16,90,10,0,64
7304378,Boy With Luv (feat. Halsey),"Halsey, BTS",2,K-pop,South Korea,2019,4,12,4260,0,1065580332,113,92,259,0,1
8055412,LOVE DIVE,IVE,1,K-pop,South Korea,2022,4,5,753,8,305771063,28,124,13,0,1
3108040,Still Life,BIGBANG,1,K-pop,South Korea,2022,4,5,181,0,53909146,16,14,7,0,0
6062396,That That (prod. & feat. SUGA of BTS),"PSY, Suga",2,K-pop,South Korea,2022,4,29,802,0,212109195,16,81,23,0,0
8272175,With you,"HA SUNG WOON, Jimin",2,K-pop,South Korea,2022,4,24,343,2,240580042,4,35,11,1,1
6619922,People Pt.2 (feat. IU),"IU, Agust D",2,K-pop,South Korea,2023,4,7,209,4,95816024,4,45,11,2,24
1207987,Un Finde | CROSSOVER #2,"Big One, FMK, Ke personajes",3,Latin trap,Argentina,2023,4,4,561,14,142095275,4,14,12,5,56
4557678,Chance,Paulo Londra,1,Latin trap,Argentina,2022,4,6,225,0,89566512,11,0,7,0,0
4487193,"Paulo Londra: Bzrp Music Sessions, Vol. 23","Bizarrap, Paulo Londra",2,Latin trap,Argentina,2022,4,25,928,0,164163229,19,0,7,0,0
4495422,Dandelions,Ruth B.,1,Pop,Canada,2017,4,28,3423,21,1116995633,41,100,59,1,32
2602763,you broke me first,Tate McRae,1,Pop,Canada,2020,4,17,6638,0,1180094974,167,19,318,0,1
6116514,That's Hilarious,Charlie Puth,1,Pop,United States,2022,4,8,686,2,146363130,11,6,12,0,15
4627428,In The Stars,Benson Boone,1,Pop,United States,2022,4,29,2224,8,382199619,48,40,87,1,210
8779560,Thousand Miles,The Kid Laroi,1,Pop,Australia,2022,4,22,2050,0,244741137,52,9,46,0,1
7680579,Until I Found You (with Em Beihold) - Em Beihold Version,"Em Beihold, Stephen Sanchez",2,Pop,United States,2022,4,22,2790,30,600976848,60,96,71,0,115
8360758,Kiss Me More (feat. SZA),"SZA, Doja Cat",2,Pop,United States,2021,4,9,15867,0,1575467011,382,65,497,0,12
2346155,Leave Before You Love Me (with Jonas Brothers),"Marshmello, Jonas Brothers",2,Pop,United States,2021,4,28,4893,4,651732901,143,24,110,0,70
7173596,About Damn Time,Lizzo,1,Pop,United States,2022,4,14,9021,0,723894473,242,49,272,21,24
2442031,Honest (feat. Don Toliver),"Justin Bieber, Don Toliver",2,Pop,Canada,2022,4,29,1351,0,106919680,26,1,17,0,0
2619841,Chemical,Post Malone,1,Pop rock,United States,2023,4,14,2528,39,172825906,56,91,59,3,486
1289598,deja vu,Olivia Rodrigo,1,Pop rock,United States,2021,4,1,7545,4,1256880657,117,39,141,0,46
2264316,Double Fantasy (with Future),"The Weeknd, Future",2,R&B,Canada,2023,4,21,1169,0,96180277,36,65,28,0,0
6966778,PROVENZA,Karol G,1,Reggaeton,Colombia,2022,4,21,6587,34,885093467,114,104,147,11,20
4916659,Mami Chula,"Quevedo, Jhayco",2,Reggaeton,Spain,2023,4,27,875,4,61105704,17,13,27,0,43
7402588,LA INOCENTE,"Feid, Mora",2,Reggaeton,Colombia,2022,4,1,2598,37,477033549,28,57,43,8,85
3076130,Jordan,Ryan Castro,1,Reggaeton,Colombia,2021,4,30,2844,2,394030335,29,2,35,1,0
8171349,Las Morras,"BLESSD, Peso Pluma",2,Reggaeton,Colombia,2023,4,4,291,8,127026613,8,78,4,1,1
5937798,Te Felicito,"Shakira, Rauw Alejandro",2,Reggaeton,Colombia,2022,4,21,4796,9,606361689,124,66,212,13,1
2698226,Primera Cita,Carin Leon,1,Regional Mexican,Mexico,2022,4,20,266,27,77309611,6,40,6,6,202
3132809,No Se Va,Grupo Frontera,1,Regional Mexican,United States,2022,4,28,924,18,404887295,17,80,22,9,38
1197669,un x100to,"Bad Bunny, Grupo Frontera",2,Regional Mexican,Puerto Rico,2023,4,17,2876,40,505671438,41,205,54,12,251
6987709,Peaches (from The Super Mario Bros. Movie),Jack Black,1,Rock,United States,2023,4,7,34,0,68216992,0,0,0,0,0
1545230,PUFFIN ON ZOOTIEZ,Future,1,Trap,United States,2022,4,29,2350,0,254218729,28,42,23,0,0
8555295,Last Last,Burna Boy,1,Afrobeats,Nigeria,2022,5,12,4526,12,293466523,156,275,150,3,128
3894522,La Bachata,Manuel Turizo,1,Bachata,Colombia,2022,5,26,6804,45,1214083358,139,111,161,15,210
6953068,"Tere Vaaste (From ""Zara Hatke Zara Bachke"")","Sachin-Jigar, Shadab Faridi, Altamash Faridi, Amitabh Bhattacharya, Varun Jain",5,Bollywood,India,2023,5,22,182,8,54225632,3,88,1,0,52
3747351,"Phir Aur Kya Chahiye (From ""Zara Hatke Zara Bachke"")","Arijit Singh, Sachin-Jigar, Amitabha Bhattacharya",3,Bollywood,India,2023,5,15,178,6,64533040,6,71,1,0,31
6776344,Bye,Peso Pluma,1,Corridos tumbados,Mexico,2023,5,26,324,14,95053634,13,110,8,2,60
3575524,You Proof,Morgan Wallen,1,Country,United States,2022,5,13,2128,9,367814306,37,88,9,0,14
6402604,Thought You Should Know,Morgan Wallen,1,Country,United States,2022,5,6,968,4,203221468,16,53,1,0,61
3393833,Thunder,"Prezioso, Gabry Ponte, LUM!X",3,Dance,Italy,2021,5,7,4846,10,422691058,54,16,259,0,13
3169976,Potion (with Dua Lipa & Young Thug),"Calvin Harris, Dua Lipa, Young Thug",3,Dance,United Kingdom,2022,5,27,3983,0,190625045,73,45,119,0,0
7807270,Miss You,Southstar,1,Dance,Germany,1982,5,16,2020,0,154356956,77,10,119,0,40
5310138,Dance The Night (From Barbie The Album),Dua Lipa,1,Disco-pop,United Kingdom,2023,5,25,2988,101,127408954,0,0,143,38,0
1166211,Snow On The Beach (feat. More Lana Del Rey),"Lana Del Rey, Taylor Swift",2,Dream pop,United States,2023,5,26,359,2,60350538,1,0,9,0,0
5831523,Closer,"The Chainsmokers, Halsey",2,EDM,United States,2016,5,31,28032,0,2591224264,315,159,2179,0,44
7083603,All My Life (feat. J. Cole),"J. Cole, Lil Durk",2,Heavy metal,United States,2023,5,12,2175,23,144565150,69,145,69,2,478
4238748,Superman,"Eminem, Dina Rae",2,Heavy metal,United States,2002,5,26,7615,14,655466831,18,51,1005,0,0
1486311,Till I Collapse,"Eminem, Nate Dogg",2,Heavy metal,United States,2002,5,26,22923,0,1695712020,78,46,2515,1,0
1322961,NEW MAGIC WAND,"Tyler, The Creator",2,Heavy metal,United States,2019,5,16,4708,0,461437791,13,7,55,0,1
1109166,N95,Kendrick Lamar,1,Heavy metal,United States,2022,5,13,5542,0,301242089,52,16,65,0,206
8555603,Die Hard,"Kendrick Lamar, Blxst, Amanda Reifer",3,Heavy metal,United States,2022,5,13,4627,0,237351106,38,13,32,0,0
3184472,United In Grief,Kendrick Lamar,1,Heavy metal,United States,2022,5,13,2575,0,156898322,4,5,12,0,51
6177084,Father Time (feat. Sampha),"Kendrick Lamar, Sampha",2,Heavy metal,United States,2022,5,13,3107,0,127309180,4,0,22,0,0
1493023,Rich Spirit,Kendrick Lamar,1,Heavy metal,United States,2022,5,13,3486,0,173702135,20,10,33,0,0
2861036,Silent Hill,"Kendrick Lamar, Kodak Black",2,Heavy metal,United States,2022,5,13,3028,0,123216717,22,0,23,0,0
1671724,Count Me Out,Kendrick Lamar,1,Heavy metal,United States,2022,5,13,2729,0,126191104,3,7,13,0,1
7513238,We Cry Together,"Kendrick Lamar, Taylour Paige",2,Heavy metal,United States,2022,5,13,1635,0,68895644,4,1,6,0,0
7762851,Savior,"Kendrick Lamar, Sam Dew, Baby Keem",3,Heavy metal,United States,2022,5,13,2291,0,86176890,9,0,8,0,0
3186172,Worldwide Steppers,Kendrick Lamar,1,Heavy metal,United States,2022,5,13,1480,0,61739839,1,0,5,0,0
6347306,Dua Lipa,Jack Harlow,1,Heavy metal,United States,2022,5,6,1992,0,150500965,35,0,3,0,0
5005107,Mr. Morale,"Kendrick Lamar, Tanna Leone",2,Heavy metal,United States,2022,5,13,1860,0,58687425,1,0,3,0,0
5264430,Rich - Interlude,Kendrick Lamar,1,Heavy metal,United States,2022,5,13,1103,0,41210087,0,0,0,0,0
7556948,Crown,Kendrick Lamar,1,Heavy metal,United States,2022,5,13,1493,0,42485571,2,0,10,0,0
1713130,Auntie Diaries,Kendrick Lamar,1,Heavy metal,United States,2022,5,13,1545,0,37778188,1,0,4,0,0
5087776,Mirror,Kendrick Lamar,1,Heavy metal,United States,2022,5,13,1929,0,53603447,2,0,4,0,0
3635714,Savior - Interlude,Kendrick Lamar,1,Heavy metal,United States,2022,5,13,1194,0,37091576,0,0,3,0,0
2612867,Mother I Sober (feat. Beth Gibbons of Portishead),"Kendrick Lamar, Beth Gibbons",2,Heavy metal,United States,2022,5,13,1890,0,33381454,3,0,2,0,0
2830739,I Tried to Tell Y'all,"Ugly Dray, Tesla Jnr",2,Heavy metal,United States,2022,5,6,1657,0,121077868,15,3,3,0,0
6509365,The Heart Part 5,Kendrick Lamar,1,Heavy metal,United States,2022,5,8,2939,0,71423324,29,0,30,0,0
7503630,True Love,"Kanye West, XXXTENTACION",2,Heavy metal,United States,2022,5,27,2129,0,194902696,23,1,44,1,0
1771212,Die Young (feat. 347aidan),"Sleepy hallow, 347aidan",2,Heavy metal,United States,2022,5,25,896,0,160845341,19,0,15,0,0
8666108,"Angel Pt 1 (feat. Jimin of BTS, JVKE & Muni Long)","Kodak Black, NLE Choppa, Muni Long, JVKE, Jimin",5,Hip-hop,United States,2023,5,1,577,14,133753727,22,18,15,1,0
4053069,Stand By Me (feat. Morgan Wallen),"Lil Durk, Morgan Wallen",2,Hip-hop,United States,2023,5,26,381,5,46065667,23,82,6,0,113
4528930,Cooped Up (with Roddy Ricch),"Post Malone, Roddy Ricch",2,Hip-hop,United States,2022,5,12,2942,0,271666301,42,28,43,0,0
6774092,Purple Hearts,"Kendrick Lamar, Ghostface Killah, Summer Walker",3,Hip-hop,United States,2022,5,13,2308,0,76831876,7,0,7,0,0
7321459,Vegas (From the Original Motion Picture Soundtrack ELVIS),Doja Cat,1,Hip-hop,United States,2022,5,6,4576,0,448500832,79,13,93,0,17
4566008,Afraid To Feel,LF System,1,House,United Kingdom,2022,5,2,5898,5,244790012,129,55,128,0,101
8251078,Those Eyes,New West,1,Indie pop,Canada,2019,5,10,1507,14,411747614,24,71,44,1,195
8096695,favorite crime,Olivia Rodrigo,1,Indie pop,United States,2021,5,21,3681,0,783706581,20,21,99,0,7
1436447,Daylight,Harry Styles,1,Indie pop,United States,2022,5,20,2775,0,290833204,21,11,40,0,0
8895699,Sweater Weather,The Neighbourhood,1,Indie rock,United States,2012,5,14,16413,61,2282771485,166,87,1056,1,
2775772,Heart To Heart,Mac DeMarco,1,Indie rock,Canada,2019,5,10,1640,0,244658767,27,27,29,1,1
7435337,Freaks,Surf Curse,1,Indie rock,United States,2015,5,10,3006,3,824420218,23,21,121,0,13
4603662,Don't ever say love me (feat. RM of BTS),"RM, Colde",2,K-R&B,South Korea,2023,5,4,105,0,34502215,5,9,5,0,0
1121286,Queencard,(G)I-DLE,1,K-pop,South Korea,2023,5,15,451,33,96273746,10,126,7,0,148
6620188,Bite Me,ENHYPEN,1,K-pop,South Korea,2023,5,22,349,69,76767396,8,96,5,0,56
2012053,UNFORGIVEN (feat. Nile Rodgers),"Nile Rodgers, LE SSERAFIM",2,K-pop,South Korea,2023,5,1,327,13,92035115,14,110,9,0,49
8452012,Butter,BTS,1,K-pop,South Korea,2021,5,21,4779,6,1143647827,180,135,223,0,5
8654169,FEARLESS,LE SSERAFIM,1,K-pop,South Korea,2022,5,2,629,0,229497852,18,75,9,0,0
5848183,Andrea,"Buscabulla, Bad Bunny",2,Latin indie,Puerto Rico,2022,5,6,1195,0,344055883,8,30,13,1,1
6675451,Mejor Que Yo,"Mambo Kingz, DJ Luian, Anuel Aa",3,Latin trap,Puerto Rico,2023,5,4,675,1,50847624,9,13,11,0,1
4386478,WHERE SHE GOES,Bad Bunny,1,Latin trap,Puerto Rico,2023,5,18,3133,50,303236322,84,133,87,15,425
7757967,"Peso Pluma: Bzrp Music Sessions, Vol. 55","Bizarrap, Peso Pluma",2,Latin trap,Argentina,2023,5,31,1313,40,200647221,17,152,32,11,139
1611239,Let Me Down Slowly,Alec Benjamin,1,Pop,United States,2018,5,25,5897,19,1374581173,0,0,885,0,0
2101565,Hits Different,Taylor Swift,1,Pop,United States,2023,5,26,547,0,68616963,15,15,6,0,0
1452364,Karma (feat. Ice Spice),"Taylor Swift, Ice Spice",2,Pop,United States,2023,5,26,588,0,46142772,23,21,31,0,0
6895326,Curtains,Ed Sheeran,1,Pop,United Kingdom,2023,5,5,715,0,39893489,37,3,27,0,50
2135563,Late Night Talking,Harry Styles,1,Pop,United Kingdom,2022,5,20,7461,8,743693613,166,42,199,16,58
1198357,traitor,"Juan Cruz Toledo, Huilen Toledo",2,Pop,United States,2021,5,21,5257,6,1230855859,85,43,134,0,
7403072,happier,Olivia Rodrigo,1,Pop,United States,2021,5,21,3069,4,850608354,25,46,105,0,45
2969661,Dance Monkey,Tones and I,1,Pop,Australia,2019,5,10,24529,0,2864791672,533,167,3595,6,
5154676,Matilda,Harry Styles,1,Pop,United Kingdom,2022,5,20,3218,3,366214458,29,10,79,0,0
2307433,Little Freak,Harry Styles,1,Pop,United Kingdom,2022,5,20,2302,0,273194684,20,3,39,0,0
4505539,Satellite,Harry Styles,1,Pop,United Kingdom,2022,5,20,3291,5,311482393,43,28,79,0,208
6193307,Love Of My Life,Harry Styles,1,Pop,United Kingdom,2022,5,20,1933,0,233671263,13,2,31,0,0
8507943,Grapejuice,Harry Styles,1,Pop,United Kingdom,2022,5,20,1986,0,199587884,7,1,15,0,0
2079115,Keep Driving,Harry Styles,1,Pop,United Kingdom,2022,5,20,2094,1,236060709,8,1,18,0,0
7697062,Cinema,Harry Styles,1,Pop,United Kingdom,2022,5,20,2171,0,189236868,18,1,28,0,0
8238387,Hold My Hand,Lady Gaga,1,Pop,United States,2022,5,3,2528,0,238350348,63,8,270,2,105
7543802,Daydreaming,Harry Styles,1,Pop,United Kingdom,2022,5,20,1900,1,187703102,15,1,23,0,0
4671002,Boyfriends,Harry Styles,1,Pop,United Kingdom,2022,5,20,1517,0,137070925,26,2,30,0,0
2645476,Tak Ingin Usai,Keisya Levronka,1,Pop,Indonesia,2022,5,13,220,4,184807630,16,5,0,0,6
1740150,Kahani Suno 2.0,Kaifi Khalil,1,Pop,Pakistan,2022,5,31,162,6,156777415,1,10,1,0,1
1041777,Music For a Sushi Restaurant,Harry Styles,1,Pop,United Kingdom,2022,5,20,4449,1,334733572,80,11,66,0,1
6554843,good 4 u,Olivia Rodrigo,1,Pop punk,United States,2021,5,14,15563,6,1887039593,259,55,461,1,
4467778,I Ain't Worried,OneRepublic,1,Pop rock,United States,2022,5,13,8431,76,1085685420,241,127,458,37,332
8835305,"jealousy, jealousy",Olivia Rodrigo,1,Pop rock,United States,2021,5,21,3257,0,665765558,10,0,70,0,0
6293464,Cheques,Shubh,1,Punjabi hip-hop,Canada,2023,5,19,67,8,47956378,7,10,0,0,57
3451143,Sure Thing,Miguel,1,R&B,United States,2010,5,25,13801,19,950906471,137,125,435,6,285
6380084,The Hills,The Weeknd,1,R&B,Canada,2015,5,27,25744,4,1947371785,122,94,1992,0,18
3331159,Me Porto Bonito,"Chencho Corleone, Bad Bunny",2,Reggaeton,Puerto Rico,2022,5,6,8870,43,1440757818,104,120,141,26,49
1621586,Efecto,Bad Bunny,1,Reggaeton,Puerto Rico,2022,5,6,4004,33,1047480053,34,65,43,6,2
6133453,Neverita,Bad Bunny,1,Reggaeton,Puerto Rico,2022,5,6,2590,30,671365962,20,64,35,6,0
1459555,Moscow Mule,Bad Bunny,1,Reggaeton,Puerto Rico,2022,5,6,4572,33,909001996,74,113,85,9,2
4662762,Tarot,"Bad Bunny, Jhay Cortez",2,Reggaeton,Puerto Rico,2022,5,6,2482,20,608228647,27,77,22,2,0
3341212,Party,"Bad Bunny, Rauw Alejandro",2,Reggaeton,Puerto Rico,2022,5,6,3185,4,614555082,38,64,37,3,36
1840761,Yo Voy (feat. Daddy Yankee),Zion & Lennox,1,Reggaeton,Puerto Rico,2004,5,4,2954,2,527033089,18,82,0,0,5
2786767,Un Ratito,Bad Bunny,1,Reggaeton,Puerto Rico,2022,5,6,1112,6,417230415,7,30,13,1,1
4764570,Yo No Soy Celoso,Bad Bunny,1,Reggaeton,Puerto Rico,2022,5,6,1179,0,313113297,7,21,11,0,0
5617904,Me Fui de Vacaciones,Bad Bunny,1,Reggaeton,Puerto Rico,2022,5,6,1443,0,305650299,9,11,22,1,0
3122686,La Corriente,"Tony Dize, Bad Bunny",2,Reggaeton,Puerto Rico,2022,5,6,1796,8,479655659,8,25,18,1,0
1532080,Dos Mil 16,Bad Bunny,1,Reggaeton,Puerto Rico,2022,5,6,892,3,338422004,10,24,11,0,0
2166194,Un Coco,Bad Bunny,1,Reggaeton,Puerto Rico,2022,5,6,1029,28,403231558,5,28,9,0,0
1633065,Aguacero,Bad Bunny,1,Reggaeton,Puerto Rico,2022,5,6,829,0,283359161,4,15,10,0,0
8457557,Un Verano Sin Ti,Bad Bunny,1,Reggaeton,Puerto Rico,2022,5,6,1004,1,283332261,8,12,9,0,0
6990936,Callaita,"Bad Bunny, Tainy",2,Reggaeton,Puerto Rico,2019,5,31,9539,15,1304313953,162,116,355,7,0
4940529,Agosto,Bad Bunny,1,Reggaeton,Puerto Rico,2022,5,6,897,0,246127838,6,20,8,0,0
7070604,TQM,Fuerza Regida,1,Regional Mexican,United States,2023,5,19,584,28,176553476,16,159,15,6,100
4809507,En El Radio Un Cochinero,Victor Cibrian,1,Regional Mexican,Mexico,2022,5,13,514,0,164856284,5,36,1,0,0
6046483,Pipoco,"Melody, Ana Castela, Dj Chris No Beat",3,Sertanejo,Brazil,2022,5,20,1112,4,191873381,22,2,65,1,3
5563881,fukumean,Gunna,1,Trap,United States,2023,5,15,1096,83,95217315,60,210,48,11,953
2352439,KU LO SA - A COLORS SHOW,Oxlade,1,Afrobeats,Nigeria,2022,6,10,2019,8,222410722,117,72,107,1,7
2434062,Glimpse of Us,Joji,1,Alternative R&B,Japan,2022,6,10,6330,6,988515741,109,42,158,3,31
6191375,die first,Nessa Barrett,1,Alternative pop,United States,2022,6,24,767,0,131746175,25,0,22,0,0
5409588,Numb,"Marshmello, Khalid",2,Alternative rock,United States,2022,6,10,3879,2,295307001,107,76,86,1,9
4801316,Los del Espacio,"Big One, Duki, Lit Killah, Maria Becerra, FMK, Rusherking, Emilia, Tiago pzk",8,Argentine trap,Argentina,2023,6,1,1150,31,123122413,22,33,34,7,184
8274842,MONTAGEM - FR PUNK,"Ayparia, unxbected",2,Brazilian funk,Brazil,2012,6,20,641,50,58054811,1,52,8,0,1170
1589586,"Gol Bolinha, Gol Quadrado 2","Mc Pedrinho, DJ 900",2,Brazilian funk,Brazil,2023,6,1,293,8,11956641,5,2,30,2,66
8917301,Baile no Morro,"Mc Vitin Da Igrejinha, MC Tairon, DJ Win",3,Brazilian funk,Brazil,2022,6,10,685,2,129314708,17,0,24,0,30
3070266,Ai Preto,"L7nnon, DJ Biel do Furduncinho, Bianca",3,Brazilian funk,Brazil,2022,6,3,894,4,176103902,28,0,54,0,0
6452995,LADY GAGA,"Gabito Ballesteros, Junior H, Peso Pluma",3,Corridos tumbados,Mexico,2023,6,22,332,26,86444842,11,163,10,4,0
1717593,LUNA,"Junior H, Peso Pluma",2,Corridos tumbados,Mexico,2023,6,22,201,11,55842345,19,117,8,1,74
3739768,Por las Noches,Peso Pluma,1,Corridos tumbados,Mexico,2021,6,11,457,24,330346424,8,116,4,3,2
8209238,Mi Bello Angel,Natanael Cano,1,Corridos tumbados,Mexico,2023,6,30,86,8,31873544,7,76,3,1,93
2143818,One Kiss (with Dua Lipa),"Calvin Harris, Dua Lipa",2,Dance,United Kingdom,2017,6,2,27705,10,1897517891,537,122,2726,6,
7885122,Mount Everest,Labrinth,1,Electronic,United Kingdom,2019,6,21,5443,0,467727006,45,1,80,0,12
8949659,Lucid Dreams,Juice WRLD,1,Emo rap,United States,2017,6,15,14749,0,2288695111,188,34,710,0,5
6609930,"Am I Dreaming (Metro Boomin & A$AP Rocky, Roisee)","A$AP Rocky, Metro Boomin, Roisee",3,Heavy metal,United States,2023,6,2,727,16,94186466,17,60,28,1,44
6470158,"Annihilate (Spider-Man: Across the Spider-Verse) (Metro Boomin & Swae Lee, Lil Wayne, Offset)","Swae Lee, Lil Wayne, Offset, Metro Boomin",4,Heavy metal,United States,2023,6,2,551,4,86773632,13,46,20,1,10
8125634,Self Love (Spider-Man: Across the Spider-Verse) (Metro Boomin & Coi Leray),"Metro Boomin, Coi Leray",2,Heavy metal,United States,2023,6,2,332,5,70106975,18,41,5,0,19
5554493,Danger (Spider) (Offset & JID),"Offset, JID",2,Heavy metal,United States,2023,6,2,214,0,24975653,3,3,6,0,0
7688790,Cash In Cash Out,"Pharrell Williams, Tyler, The Creator, 21 Savage",4,Heavy metal,United States,2022,6,10,2313,0,136676504,34,0,29,0,0
6549461,Betty (Get Money),Yung Gravy,1,Heavy metal,United States,2022,6,10,2402,0,221752937,45,2,26,0,1
6670857,Sticky,Drake,1,Heavy metal,Canada,2022,6,17,2814,0,191448892,38,105,25,0,2
1532170,Poland,Lil Yachty,1,Heavy metal,United States,2022,6,23,1584,0,115331792,38,0,24,0,0
6436155,"Link Up (Metro Boomin & Don Toliver, Wizkid feat. BEAM & Toian) - Spider-Verse Remix (Spider-Man: Across the Spider-Verse )","WizKid, Toian, Metro Boomin, Don Toliver, Beam",5,Hip-hop,United States,2023,6,2,197,0,32761689,3,10,3,0,0
4497491,"Calling (Spider-Man: Across the Spider-Verse) (Metro Boomin & Swae Lee, NAV, feat. A Boogie Wit da Hoodie)","Swae Lee, A Boogie Wit da Hoodie, Metro Boomin, NAV",4,Hip-hop,United States,2023,6,2,1051,16,109276132,31,37,31,0,189
3007244,Jimmy Cooks (feat. 21 Savage),"Drake, 21 Savage",2,Hip-hop,Canada,2022,6,17,5871,27,618885532,81,121,58,1,34
8346639,Hummingbird (Metro Boomin & James Blake),"James Blake, Metro Boomin",2,Hip-hop,United States,2023,6,2,277,1,39666245,1,20,5,0,1
3210546,Selfish,PnB Rock,1,Hip-hop,United States,2016,6,23,2468,0,380319238,15,0,0,0,0
4130067,B.O.T.A. (Baddest Of Them All) - Edit,"Interplanetary Criminal, Eliza Rose",2,House,United Kingdom,2022,6,15,5153,6,244585109,102,53,113,12,0
3461847,(It Goes Like) Nanana - Edit,Peggy Gou,1,House,South Korea,2023,6,15,2259,59,57876440,0,0,109,17,0
7531207,Massive,Drake,1,House,Canada,2022,6,17,5263,0,195628667,66,89,61,0,11
8788368,Heat Waves,Glass Animals,1,Indie pop,United Kingdom,2020,6,28,22543,63,2557975762,386,144,707,28,
8987545,Lovers Rock,TV Girl,1,Indie pop,United States,2014,6,5,6339,13,466231982,3,1,36,1,37
8186517,Infinity,Jaymes Young,1,Indie pop,United States,2017,6,23,4375,0,888046992,24,0,396,0,0
2748330,Tom's Diner,"AnnenMayKantereit, Giant Rooks",2,Indie pop,Germany,2019,6,28,2605,0,236872197,15,48,50,0,3
8365464,Take Two,BTS,1,K-pop,South Korea,2023,6,9,674,47,118482347,20,106,25,4,78
1274739,S-Class,Stray Kids,1,K-pop,South Korea,2023,6,2,290,19,65496046,9,101,5,0,73
4070434,Yet To Come,BTS,1,K-pop,South Korea,2022,6,10,829,0,302006641,32,110,26,0,0
5477581,Run BTS,BTS,1,K-pop,South Korea,2022,6,10,736,0,330881149,5,132,17,0,3
4618597,For Youth,BTS,1,K-pop,South Korea,2022,6,10,327,0,114546317,5,40,12,0,0
4845139,Born Singer,BTS,1,K-pop,South Korea,2022,6,10,279,0,79095270,0,18,6,0,0
7629327,POP!,Nayeon,1,K-pop,South Korea,2022,6,24,571,0,213505179,19,21,14,0,2
7179210,Still With You,Jung Kook,1,K-pop,South Korea,2020,6,5,31,39,38411956,2,107,8,0,0
3670203,BABY HELLO,"Rauw Alejandro, Bizarrap",2,Latin trap,Puerto Rico,2023,6,23,1004,35,54266102,42,80,58,3,169
8262356,"Rauw Alejandro: Bzrp Music Sessions, Vol. 56","Rauw Alejandro, Bizarrap",2,Latin trap,Argentina,2023,6,21,871,32,66902503,25,59,32,5,88
4012549,"Villano Antillano: Bzrp Music Sessions, Vol. 51","Bizarrap, Villano Antillano",2,Latin trap,Puerto Rico,2022,6,8,1401,0,248511839,26,16,17,0,1
3786238,Nos Comemos (feat. Ozuna),"Ozuna, Tiago pzk",2,Latin trap,Argentina,2022,6,2,896,0,138334433,0,0,2,0,0
5141433,Antes de Perderte,Duki,1,Latin trap,Argentina,2022,6,2,584,8,157136970,12,1,8,0,1
8090551,ULTRA SOLO REMIX,"De La Ghetto, Feid, Polima WestCoast, Paloma Mami, Pailita",5,Latin trap,Chile,2022,6,16,2341,0,279717388,37,2,38,2,0
2577311,Left and Right (Feat. Jung Kook of BTS),"Charlie Puth, BTS, Jung Kook",3,Pop,United States,2022,6,24,3107,39,720434240,38,0,4,0,0
5324238,Photograph,Ed Sheeran,1,Pop,United Kingdom,2014,6,20,18778,3,2236667932,228,105,2453,0,84
2230668,So Good,Halsey,1,Pop,United States,2022,6,9,1057,0,91781263,51,14,19,0,0
6974739,vampire,Olivia Rodrigo,1,Pop,United States,2023,6,30,1397,113,140003974,94,207,91,14,949
5420196,Popular (with Playboi Carti & Madonna) - The Idol Vol. 1 (Music from the HBO Original Series),"The Weeknd, Madonna, Playboi Carti",3,Pop,Canada,2023,6,2,1945,87,115364561,74,182,87,14,1093
7159285,Makeba,Jain,1,Pop,France,2015,6,22,6060,53,165484133,150,148,2703,22,1451
1193878,Lilith (feat. SUGA of BTS) (Diablo IV Anthem),"Halsey, Suga",2,Pop,United States,2023,6,5,215,6,51985779,6,14,8,2,4
5346382,Woman,Doja Cat,1,Pop,United States,2021,6,25,9424,0,1329090101,202,50,463,4,
2773298,Don't You Worry,"David Guetta, Shakira, Black Eyed Peas",3,Pop,France,2022,6,16,2442,0,240918092,81,4,248,1,6
1912112,I Like You (A Happier Song) (with Doja Cat),"Post Malone, Doja Cat",2,Pop rap,United States,2022,6,3,5281,14,609293408,94,21,80,15,38
8480431,Need To Know,Doja Cat,1,Pop rap,United States,2021,6,11,6672,0,1042568408,125,36,150,0,
5085460,Get Into It (Yuh),Doja Cat,1,Pop rap,United States,2021,6,25,4999,0,516784627,43,19,73,12,0
4334346,Bad Habit,Steve Lacy,1,R&B,United States,2022,6,29,8186,12,822633917,155,72,131,16,29
4967426,You Right,"Doja Cat, The Weeknd",2,R&B,United States,2021,6,24,5073,0,672656250,83,9,100,0,4
5897675,Ain't Shit,Doja Cat,1,R&B,United States,2021,6,25,3436,0,499710590,32,6,46,0,1
5168392,Barbie World (with Aqua) [From Barbie The Album],"Nicki Minaj, Aqua, Ice Spice",3,Rap,United States,2023,6,23,1117,80,65156199,82,145,65,16,1133
8760891,El Cielo,"Feid, Myke Towers, Sky Rompiendo",3,Reggaeton,Colombia,2023,6,2,1298,38,107753850,44,64,57,10,110
7948655,POLARIS - Remix,"Feid, Mora, Saiko, Quevedo",4,Reggaeton,Colombia,2023,6,8,773,33,57312735,20,46,21,8,99
3365981,Yonaguni,Bad Bunny,1,Reggaeton,Puerto Rico,2021,6,4,9644,28,1260594497,120,86,164,4,0
6879361,Desesperados,"Chencho Corleone, Rauw Alejandro",2,Reggaeton,Puerto Rico,2021,6,25,6821,34,809306935,83,58,128,7,0
8454029,AM Remix,"J Balvin, Nio Garcia, Bad Bunny",3,Reggaeton,Puerto Rico,2021,6,24,6556,0,528544703,93,5,67,1,0
2939499,Ferxxo 100,Feid,1,Reggaeton,Colombia,2022,6,3,1647,30,278920007,20,49,23,2,2
4576591,MOJABI GHOST,"Tainy, Bad Bunny",2,Reggaeton,Puerto Rico,2023,6,29,859,40,61245289,35,109,41,14,211
4365318,Pepas,Farruko,1,Reggaeton,Puerto Rico,2021,6,24,14114,17,1309887447,252,109,965,20,
7510507,SABOR FRESA,Fuerza Regida,1,Regional Mexican,United States,2023,6,22,250,26,78300654,16,149,10,5,168
2869874,TULUM,"Peso Pluma, Grupo Frontera",2,Regional Mexican,Mexico,2023,6,28,266,34,52294266,20,185,13,8,197
4866757,"All The Way Live (Spider-Man: Across the Spider-Verse) (Metro Boomin & Future, Lil Uzi Vert)","Future, Lil Uzi Vert, Metro Boomin",3,Trap,United States,2023,6,2,259,0,37126685,5,17,5,0,0
5031502,Sprinter,"Dave, Central Cee",2,UK rap,United Kingdom,2023,6,1,2186,91,183706234,67,213,88,17,946
2468710,love nwantiti (ah ah ah),Ckay,1,Afrobeats,Nigeria,2019,7,26,5669,2,726837877,74,0,262,14,
5737293,Happier Than Ever,Billie Eilish,1,Alternative pop,United States,2021,7,30,8476,0,1056760045,138,133,283,0,
8056641,Life Goes On,Oliver Tree,1,Alternative pop,United States,2020,7,17,2868,0,501541661,43,15,116,0,
4782067,Happier Than Ever - Edit,Billie Eilish,1,Alternative pop,United States,2021,7,28,1959,0,412795151,19,0,38,0,0
2059327,Sparks,Coldplay,1,Alternative rock,United Kingdom,2000,7,10,10826,4,624101957,24,0,805,0,0
3163708,"Kesariya (From ""Brahmastra"")","Pritam, Arijit Singh, Amitabh Bhattacharya",3,Bollywood,India,2022,7,17,292,6,366599607,26,98,4,0,0
3519068,Lovezinho,Treyce,1,Brazilian funk,Brazil,2022,7,28,242,0,70069745,12,2,13,0,4
1769305,Casei Com a Putaria,"MC Ryan SP, Love Funk, Mc Paiva ZS",3,Brazilian funk,Brazil,2022,7,1,648,4,187701588,0,0,30,0,0
6063105,Back To December (Taylor's Version),Taylor Swift,1,Country pop,United States,2023,7,7,139,17,39228929,16,72,5,0,8
8943060,Mine (Taylor's Version),Taylor Swift,1,Country pop,United States,2023,7,7,99,15,36912123,21,52,6,1,0
6416915,Where Are You Now,"Lost Frequencies, Calum Scott",2,Dance,Belgium,2021,7,30,10565,44,972509632,238,122,557,17,58
2489568,"Stay With Me (with Justin Timberlake, Halsey, & Pharrell)","Calvin Harris, Halsey, Pharrell Williams, Justin Timberlake",4,Dance,United Kingdom,2022,7,15,3113,0,123473120,54,6,124,1,0
2808274,Rush,Troye Sivan,1,Dance-pop,Australia,2023,7,13,864,78,22581161,71,135,50,1,294
5939675,Gangsta's Paradise,"Coolio, L.V.",2,Heavy metal,United States,1995,7,11,10624,17,1357608774,21,0,386,0,
3378211,INDUSTRY BABY (feat. Jack Harlow),"Jack Harlow, Lil Nas X",2,Heavy metal,United States,2021,7,23,13315,0,1814349763,300,47,690,0,
4722538,Thinking with My Dick,"Kevin Gates, Juicy J",2,Heavy metal,United States,2013,7,16,1550,0,109091573,0,0,14,0,0
6621439,Hot Shit (feat. Ye & Lil Durk),"Kanye West, Lil Durk, Cardi B",3,Heavy metal,United States,2022,7,1,1601,0,85924992,11,0,2,0,0
4446199,See You Again,"Tyler, The Creator, Kali Uchis",3,Hip-hop,United States,2017,7,21,13387,64,1047101291,77,58,247,1,311
5898111,Here With Me,d4vd,1,Indie pop,United States,2022,7,17,3246,23,635412045,94,85,68,1,84
8013969,Romantic Homicide,d4vd,1,Indie pop,United States,2022,7,20,2335,23,681583126,82,55,50,0,9
1239958,TV,Billie Eilish,1,Indie pop,United States,2022,7,21,3009,2,338564981,68,89,65,0,25
2685773,cardigan,Taylor Swift,1,Indie pop,United States,2020,7,24,7923,29,812019557,106,112,142,4,215
6556428,august,Taylor Swift,1,Indie pop,United States,2020,7,24,7324,22,607123776,25,81,61,1,44
6950436,Alien Blues,Vundabar,1,Indie rock,United States,2015,7,24,1930,0,370068639,3,0,28,0,1
5678676,MORE,j-hope,1,K-hip-hop,South Korea,2022,7,1,565,0,155795783,6,52,11,0,0
4928987,New Jeans,NewJeans,1,K-pop,South Korea,2023,7,7,77,35,29562220,8,166,4,4,34
5459112,Permission to Dance,BTS,1,K-pop,South Korea,2021,7,9,1801,2,608334048,77,134,74,0,2
7016313,Super Shy,NewJeans,1,K-pop,South Korea,2023,7,7,422,55,58255150,37,202,21,5,168
5565096,La Loto,"Anitta, Tini, Becky G",3,Latin pop,Brazil,2022,7,6,945,0,121189256,49,3,57,0,0
4431554,"Quevedo: Bzrp Music Sessions, Vol. 52","Bizarrap, Quevedo",2,Latin trap,Argentina,2022,7,6,8506,45,1356565093,94,65,164,14,176
5686736,GIVENCHY,Duki,1,Latin trap,Argentina,2022,7,20,625,4,185236961,13,18,12,0,0
6801500,Enchanted (Taylor's Version),Taylor Swift,1,Pop,United States,2023,7,7,148,24,39578178,32,93,8,2,5
3183051,golden hour,JVKE,1,Pop,United States,2022,7,15,4511,36,751134527,70,58,109,18,230
2023156,STAY (with Justin Bieber),"Justin Bieber, The Kid Laroi",2,Pop,Australia,2021,7,9,17050,36,2665343922,492,99,798,31,0
4890651,Nonsense,Sabrina Carpenter,1,Pop,United States,2022,7,15,2346,27,342897938,69,12,38,8,64
8171348,"Come Back Home - From ""Purple Hearts""",Sofia Carson,1,Pop,United States,2022,7,12,367,0,97610446,28,67,195,0,0
4579313,2 Be Loved (Am I Ready),Lizzo,1,Pop,United States,2022,7,14,3682,6,247689123,41,0,158,2,68
4082370,Seven (feat. Latto) (Explicit Ver.),"Latto, Jung Kook",2,Pop,South Korea,2023,7,14,553,147,141381703,43,263,45,10,826
1404326,"What Was I Made For? [From The Motion Picture ""Barbie""]",Billie Eilish,1,Pop,United States,2023,7,13,873,104,30546883,80,227,95,24,1173
4487095,Overdrive,Post Malone,1,Pop,United States,2023,7,14,410,36,14780425,36,32,31,1,26
5080031,About Damn Time,Lizzo,1,Pop,United States,2022,7,15,2332,2,723894473,0,0,25,0,0
1839223,Mood (feat. Iann Dior),"24kgoldn, Iann Dior",2,Pop rap,United States,2020,7,24,12854,0,1699402402,237,27,636,0,
3054476,Better Than Revenge (Taylor's Version),Taylor Swift,1,Pop rock,United States,2023,7,7,86,11,30343206,3,33,3,0,1
2816072,Excuses,"Intense, AP Dhillon, Gurinder Gill",3,Punjabi pop,India,2020,7,24,272,4,327498031,7,21,2,0,0
4758406,Static,Steve Lacy,1,R&B,United States,2022,7,15,1613,0,202452860,21,15,13,0,0
7624098,S91,Karol G,1,Reggaeton,Colombia,2023,7,14,525,41,16011326,34,115,39,6,216
4214662,QUEMA,"Sog, Ryan Castro, Peso Pluma",3,Reggaeton,Colombia,2023,7,13,437,31,11599388,17,29,26,3,208
7806612,Gasolina,Daddy Yankee,1,Reggaeton,Puerto Rico,2004,7,13,6457,18,657723613,98,95,453,0,454
6057014,Es un Secreto,Plan B,1,Reggaeton,Puerto Rico,2010,7,20,492,36,540654286,4,3,19,0,0
6286315,Normal,Feid,1,Reggaeton,Colombia,2022,7,8,2461,36,459276435,47,66,45,5,6
1035366,LOKERA,"Brray, Rauw Alejandro, Lyanno",3,Reggaeton,Puerto Rico,2022,7,25,3301,30,471819764,72,64,64,6,3
2011518,Volando - Remix,"Sech, Bad Bunny, Mora",3,Reggaeton,Panama,2021,7,8,3272,19,610045621,101,34,70,1,2
7366228,Columbia,Quevedo,1,Reggaeton,Spain,2023,7,7,714,43,58149378,25,89,30,13,194
3386819,Sobrio,Maluma,1,Reggaeton,Colombia,2021,7,8,3506,10,513643924,103,76,100,1,1
6364406,El Rescate,"Grupo Marca Registrada, Junior H",2,Regional Mexican,Mexico,2022,7,22,527,4,287278853,10,43,3,1,0
6250958,Have You Ever Seen The Rain?,Creedence Clearwater Revival,1,Rock,United States,1968,7,1,15890,14,1145727611,71,37,653,0,167
2865125,Doja,Central Cee,1,UK drill,United Kingdom,2022,7,20,4169,44,482257456,57,44,183,1,11
8725160,Love Nwantiti - Remix,"Ckay, AX'EL, Dj Yo!",3,Afrobeats,Nigeria,2019,8,30,2696,0,540539717,42,2,57,0,
6792432,All For Us - from the HBO Original Series Euphoria,"Labrinth, Zendaya",2,Alternative R&B,United Kingdom,2019,8,4,5342,0,426204830,33,123,7,0,4
7890756,The Scientist,Coldplay,1,Alternative rock,United Kingdom,2002,8,5,30992,6,1608164312,124,25,7827,1,0
6026926,BABY OTAKU,"Fran C, Polima WestCoast, Nickoog Clk, Pablito Pesadilla",4,Chilean trap,Chile,2022,8,18,836,0,159240673,14,1,13,0,0
8126826,Ginseng Strip 2002,Yung Lean,1,Cloud rap,Sweden,2013,8,16,4310,0,240769997,13,0,113,1,3
7158907,Siempre Pendientes,"Peso Pluma, Luis R Conriquez",2,Corridos tumbados,Mexico,2022,8,15,685,5,295152154,15,79,4,2,0
5165382,I'm Good (Blue),"Bebe Rexha, David Guetta",2,Dance,United States,2022,8,26,12482,80,1109433169,291,184,537,45,727
5405010,Miss You,"Robin Schulz, Oliver Tree",2,Dance,Germany,2022,8,5,5730,10,497225336,108,16,197,3,165
1513475,OUT OUT (feat. Charli XCX & Saweetie),"Charli XCX, Jax Jones, Joel Corry, Saweetie",4,Dance,United Kingdom,2021,8,13,6890,0,427486004,122,11,201,0,1
3605651,Can't Hold Us (feat. Ray Dalton),"Ray Dalton, Ryan Lewis, Macklemore",3,Heavy metal,United States,2011,8,16,6074,52,1953533826,201,44,6551,2,0
6643902,Super Freaky Girl,Nicki Minaj,1,Heavy metal,United States,2022,8,12,4827,0,428685680,104,17,76,9,2
2542321,Praise God,Kanye West,1,Heavy metal,United States,2021,8,29,4651,0,376333030,24,6,105,0,0
5406019,family ties (with Kendrick Lamar),"Kendrick Lamar, Baby Keem",2,Heavy metal,United States,2021,8,27,6308,5,560222750,114,15,63,0,2
6485441,STAYING ALIVE (feat. Drake & Lil Baby),"Drake, DJ Khaled, Lil Baby",3,Heavy metal,United States,2022,8,5,2107,0,170732845,51,1,50,0,0
2061546,Revenge,XXXTENTACION,1,Hip-hop,United States,2017,8,25,3600,11,1022258230,7,0,203,0,2
6984128,Do It To It,"Cherish, ACRAZE",2,House,United States,2021,8,20,12403,0,674772936,183,63,465,0,11
1992045,Notion,The Rare Occasions,1,Indie rock,United States,2016,8,5,2393,0,421135627,22,13,65,0,6
7166872,Hype Boy,NewJeans,1,K-pop,South Korea,2022,8,1,892,17,363472647,20,119,12,2,7
2122853,Pink Venom,BLACKPINK,1,K-pop,South Korea,2022,8,19,1963,16,551305895,57,119,77,1,13
5724140,Attention,NewJeans,1,K-pop,South Korea,2022,8,1,799,12,264717480,14,141,9,0,1
2357691,After LIKE,IVE,1,K-pop,South Korea,2022,8,22,767,12,265548837,20,129,11,0,12
4363557,Talk that Talk,TWICE,1,K-pop,South Korea,2022,8,26,615,0,189476119,14,77,15,1,2
3745752,Dynamite,BTS,1,K-pop,South Korea,2020,8,21,8528,5,1692897992,239,163,583,0,
6640464,Limbo,Freddie Dredd,1,Phonk,Canada,2022,8,11,688,0,199386237,14,1,17,0,2
2362023,Cruel Summer,Taylor Swift,1,Pop,United States,2019,8,23,7858,100,800840817,116,207,125,12,548
2020928,Circles,Post Malone,1,Pop,United States,2019,8,30,19664,16,2132335812,391,73,633,3,37
4117642,All Of The Girls You Loved Before,Taylor Swift,1,Pop,United States,2019,8,23,1282,6,185240616,26,6,19,0,5
4389214,Komang,Raim Laode,1,Pop,Indonesia,2022,8,16,158,4,137123880,5,6,1,1,18
8803071,How Do I Say Goodbye,Dean Lewis,1,Pop,Australia,2022,8,5,2163,15,284785823,72,97,58,0,154
3933523,Flowers,Lauren Spencer Smith,1,Pop,United States,2021,8,9,801,0,184826429,42,9,24,1,1
6270180,Bad Decisions (with BTS & Snoop Dogg),"Snoop Dogg, BTS, Benny Blanco",3,Pop,South Korea,2022,8,5,1456,0,219196651,53,2,33,0,0
4826716,lovely - Bonus Track,"Billie Eilish, Khalid",2,Pop,United States,2017,8,11,15032,30,2355719893,221,96,1078,2,136
8897005,Pink + White,Frank Ocean,1,R&B,United States,2016,8,20,21574,30,806397070,112,68,266,1,39
2643038,Every Summertime,NIKI,1,R&B,Indonesia,2021,8,10,1211,2,290228626,30,2,5,0,6
4152167,All of Me,John Legend,1,R&B,United States,2013,8,1,27221,0,2086124197,308,118,4534,2,77
1119309,Take My Breath,The Weeknd,1,Synth-pop,Canada,2021,8,6,2597,0,130655803,17,80,38,0,0
4586215,Take My Breath,The Weeknd,1,Synth-pop,Canada,2021,8,6,6392,0,432702334,174,73,344,0,0
4635311,After Dark,Mr.Kitty,1,Synthwave,United States,2014,8,8,1776,14,646886885,1,9,3,0,0
6575753,Sad Girlz Luv Money Remix (feat. Kali Uchis),"Kali Uchis, Amaarae, Moliy",3,Afrobeats,Ghana,2021,9,16,3643,0,354065229,69,3,70,0,3
1221828,WORTH NOTHING,"Twisted, Oliver Tree",2,Alternative,United States,2022,9,28,1612,0,213438580,34,54,34,0,2
2699923,SLOW DANCING IN THE DARK,Joji,1,Alternative R&B,Japan,2018,9,12,10211,0,1122364376,38,79,65,0,1
6316146,Creep,Radiohead,1,Alternative rock,United Kingdom,1992,9,21,36724,7,1271293243,146,72,6807,5,80
6055373,Evoque Prata,"DJ Escobar, MC MENOR SG, MC MENOR HR",3,Brazilian funk,Brazil,2022,9,9,852,0,174006928,14,1,50,0,0
2616615,You Make It Feel Like Christmas (feat. Blake Shelton),"Gwen Stefani, Blake Shelton",2,Christmas pop,United States,2005,9,20,2577,0,180577478,108,56,30,0,0
8292846,"Hey, Mickey!",Baby Tate,1,Heavy metal,United States,2016,9,27,482,0,122763672,9,1,12,4,3
6195210,Way 2 Sexy (with Future & Young Thug),"Drake, Future, Young Thug",3,Heavy metal,Canada,2021,9,3,5481,0,489945871,144,30,86,0,0
6599493,Fair Trade (with Travis Scott),"Drake, Travis Scott",2,Heavy metal,Canada,2021,9,3,5403,6,593917618,118,116,96,0,3
6204936,STAR WALKIN' (League of Legends Worlds Anthem),Lil Nas X,1,Hip-hop,United States,2022,9,22,2616,0,332506354,113,17,208,0,192
4666772,Knife Talk (with 21 Savage ft. Project Pat),"Drake, Project Pat, 21 Savage",3,Hip-hop,Canada,2021,9,3,5199,0,594482982,45,43,45,0,3
7662363,Shut up My Moms Calling - (Sped Up),Hotel Ugly,1,Indie pop,United States,2022,9,14,713,7,181831132,2,4,6,0,0
1266830,Toxic,BoyWithUke,1,Indie pop,United States,2021,9,10,1795,0,582981380,34,23,118,0,
1512850,Mr. Brightside,The Killers,1,Indie rock,United States,2003,9,23,51979,15,1806617704,306,99,5063,2,120
7256696,Take Me To Church,Hozier,1,Indie rock,Ireland,2013,9,13,23804,31,2135158446,187,99,4623,1,0
5904115,Shut Down,BLACKPINK,1,K-pop,South Korea,2022,9,16,1524,17,482175240,53,120,62,0,2
2320654,MONEY,Lisa,1,K-pop,Thailand,2021,9,10,2566,13,863625566,44,109,131,0,
5095829,Typa Girl,BLACKPINK,1,K-pop,South Korea,2022,9,16,452,10,235549288,2,129,13,0,1
8672552,Mon Amour - Remix,"Aitana, zzoilo",2,Latin pop,Spain,2020,9,21,3221,2,578207856,67,13,139,0,40
5615333,Smells Like Teen Spirit - Remastered 2021,Nirvana,1,Main genre,United States,1991,9,10,49991,9,1690192927,265,121,12367,4,160
8217918,Something In The Way - Remastered 2021,Nirvana,1,Main genre,United States,1991,9,24,9514,0,368646862,45,27,1197,0,43
8641758,Until I Found You,Stephen Sanchez,1,Pop,United States,2021,9,1,4427,4,726434358,69,100,154,20,438
1774478,Shivers,Ed Sheeran,1,Pop,United Kingdom,2021,9,9,10147,30,1302184087,234,71,543,18,
7587856,Say You Won't Let Go,James Arthur,1,Pop,United Kingdom,2016,9,9,15722,16,2420461338,231,37,1509,0,13
4162862,My Universe,"Coldplay, BTS",2,Pop,United Kingdom,2021,9,24,6127,13,1061966512,0,0,0,0,0
1203746,Bad Habits,Ed Sheeran,1,Pop,United Kingdom,2020,9,3,12755,8,1555511105,344,97,945,15,
2636311,THATS WHAT I WANT,Lil Nas X,1,Pop,United States,2021,9,17,7963,0,920797189,173,7,298,0,4
4727736,Better Days (NEIKED x Mae Muller x Polo G),"NEIKED, Mae Muller, Polo G",3,Pop,Sweden,2021,9,24,4091,0,421040617,105,2,73,13,1
2439081,Acapulco,Jason Derulo,1,Pop,United States,2021,9,1,3098,0,363467642,111,5,182,1,0
5074676,Shallow,"Lady Gaga, Bradley Cooper",2,Pop,United States,2018,9,27,16636,12,2159346687,368,155,2854,6,121
2635416,Memories,Maroon 5,1,Pop,United States,2019,9,20,9974,2,1759567999,272,67,1066,1,19
4551026,this is what falling in love feels like,JVKE,1,Pop,United States,2021,9,3,2005,0,346127840,16,5,43,0,7
7429862,Angel Baby,Troye Sivan,1,Pop,Australia,2021,9,9,1959,9,408843328,52,25,32,0,10
8693885,Forget Me,Lewis Capaldi,1,Pop,United Kingdom,2022,9,9,2520,4,239411309,93,95,84,9,202
3533833,Celestial,Ed Sheeran,1,Pop,United Kingdom,2022,9,29,1639,0,176474912,86,14,80,0,37
2302386,Unholy (feat. Kim Petras),"Sam Smith, Kim Petras",2,Pop,United Kingdom,2022,9,22,8576,42,1230675890,216,108,331,26,154
7748090,MONTERO (Call Me By Your Name),Lil Nas X,1,Pop rap,United States,2020,9,18,12329,0,1735441776,275,19,738,0,
1519987,Enemy (with JID) - from the series Arcane League of Legends,"Imagine Dragons, League of Legends, JID, Arcane",4,Pop rock,United States,2021,9,3,6180,7,1223481149,122,88,580,21,10
4096612,There's Nothing Holdin' Me Back,Shawn Mendes,1,Pop rock,Canada,2016,9,23,12382,0,1714490998,229,57,1370,2,71
4004325,Obsessed,"Abhijay Sharma, Riar Saab",2,Punjabi pop,India,2022,9,29,161,6,71007139,10,79,2,0,42
4367298,Starboy,"The Weeknd, Daft Punk",2,R&B,Canada,2016,9,21,29536,79,2565529693,281,137,2445,1,140
5086845,Talk,YEAT,1,Rage rap,United States,2022,9,2,920,0,148461629,10,1,8,0,0
3875589,Vista Al Mar,Quevedo,1,Reggaeton,Spain,2022,9,8,1769,34,362361576,16,19,21,3,4
5526636,PUNTO 40,"Baby Rasta, Rauw Alejandro",2,Reggaeton,Puerto Rico,2022,9,22,3006,12,304079786,54,32,66,2,0
4102590,Ley Seca,"Anuel Aa, Jhay Cortez",2,Reggaeton,Puerto Rico,2021,9,2,2012,0,355219175,101,12,38,0,0
5283123,Prohibidox,Feid,1,Reggaeton,Colombia,2022,9,13,1473,12,185392587,25,36,25,1,0
7512111,Lady Mi Amor,Feid,1,Reggaeton,Colombia,2022,9,13,330,0,53987404,3,0,2,0,0
6373026,Mary On A Cross,Ghost,1,Rock,Sweden,2019,9,13,2668,2,387080183,38,266,78,0,141
4794318,Eu Gosto Assim - Ao Vivo,"Gustavo Mioto, Mari Fernandez",2,Sertanejo,Brazil,2022,9,16,1473,4,222612678,27,64,66,1,4
1832626,Running Up That Hill (A Deal With God),Kate Bush,1,Synth-pop,United Kingdom,1985,9,16,21811,0,1024858327,117,1,676,3,0
2392756,When I R.I.P.,Labrinth,1,Alternative,United Kingdom,2019,10,4,2578,0,203680270,8,67,66,0,0
1386091,Swim,Chase Atlantic,1,Alternative R&B,Australia,2017,10,4,2742,0,498960285,5,1,62,0,0
1647722,Still Don't Know My Name,Labrinth,1,Alternative R&B,United Kingdom,2019,10,4,6332,0,563902868,47,116,266,0,0
4967469,SPIT IN MY FACE!,ThxSoMch,1,Alternative hip-hop,Canada,2022,10,31,629,14,303216294,32,3,9,0,0
8173823,SPIT IN MY FACE!,ThxSoMch,1,Alternative hip-hop,Canada,2022,10,31,573,0,301869854,1,0,18,0,24
4552573,In The End,Linkin Park,1,Alternative rock,United States,2000,10,24,25065,6,1624165576,63,0,6808,2,0
2634614,Daddy Issues,The Neighbourhood,1,Alternative rock,United States,2015,10,30,9771,4,1127468248,42,70,384,0,3
4490744,All I Want for Christmas Is You,Mariah Carey,1,Christmas pop,United States,1994,10,28,25653,0,1449779435,387,132,2094,0,
5350503,It's the Most Wonderful Time of the Year,Andy Williams,1,Christmas pop,United States,1963,10,14,8879,0,663832097,182,107,160,0,1
4278371,Underneath the Tree,Kelly Clarkson,1,Christmas pop,United States,2013,10,25,6596,0,485285717,144,99,251,0,0
6891911,Don't Start Now,Dua Lipa,1,Disco pop,United Kingdom,2019,10,31,27119,0,2303033973,532,77,1535,3,8
5282587,Snow On The Beach (feat. Lana Del Rey),"Taylor Swift, Lana Del Rey",2,Dream pop,United States,2022,10,21,2415,0,323437194,33,57,30,0,11
8143341,Bye Bye,"Marshmello, Juice WRLD",2,EDM,United States,2022,10,14,766,0,84697729,16,0,9,0,0
8290102,Formula,Labrinth,1,Electronic,United Kingdom,2019,10,4,3444,7,554875730,24,85,102,0,1
1050544,Forever,Labrinth,1,Electronic,United Kingdom,2019,10,4,3618,0,282883169,21,86,138,0,2
2106751,Super Gremlin,Kodak Black,1,Heavy metal,United States,2021,10,30,2551,0,342779426,52,15,35,0,1
3476652,California Breeze,Lil Baby,1,Heavy metal,United States,2022,10,14,991,0,85559365,36,38,13,0,3
3827571,Sunflower - Spider-Man: Into the Spider-Verse,"Post Malone, Swae Lee",2,Hip-hop,United States,2018,10,9,24094,78,2808096550,372,117,843,4,69
7368008,Moth To A Flame (with The Weeknd),"The Weeknd, Swedish House Mafia",2,House,Sweden,2021,10,22,7495,17,611994237,114,172,284,2,
4824782,Good Looking,Suki Waterhouse,1,Indie pop,United Kingdom,2017,10,20,2264,0,184706613,11,6,25,0,1
2391919,Another Love,Tom Odell,1,Indie pop,United Kingdom,2012,10,15,18371,83,1813673666,250,122,3394,19,
2009624,KICK BACK,Kenshi Yonezu,1,J-pop,Japan,2022,10,12,574,4,210038833,38,101,26,0,0
3910891,Just Wanna Rock,Lil Uzi Vert,1,Jersey club,United States,2022,10,17,3995,13,457184829,72,27,47,0,0
4492232,ANTIFRAGILE,LE SSERAFIM,1,K-pop,South Korea,2022,10,17,761,12,301051721,23,95,11,0,3
8744804,The Feels,TWICE,1,K-pop,South Korea,2021,10,1,1150,0,345903614,20,99,44,0,2
7691321,Nxde,(G)I-DLE,1,K-pop,South Korea,2022,10,17,430,6,170709584,14,116,9,0,11
4343383,The Astronaut,Jin,1,K-pop,South Korea,2022,10,28,481,9,203436468,10,100,15,1,27
6333549,Malas Decisiones,Kenia OS,1,Latin pop,Mexico,2022,10,26,542,2,156214700,23,2,21,0,0
4421880,Tacones Rojos,Sebastian Yatra,1,Latin pop,Colombia,2021,10,22,3047,9,510876816,77,31,85,5,28
5355322,Demasiadas Mujeres,C. Tangana,1,Latin rap,Spain,2020,10,8,2226,0,339473453,36,2,11,0,14
5334385,Salimo de Noche,"Trueno, Tiago pzk",2,Latin trap,Argentina,2021,10,21,1057,0,261414174,17,5,21,0,0
8346039,Anti-Hero,Taylor Swift,1,Pop,United States,2022,10,21,9082,56,999748277,242,142,165,9,310
7370086,Karma,Taylor Swift,1,Pop,United States,2022,10,21,3818,23,404562836,37,55,32,0,272
4812397,Car's Outside,James Arthur,1,Pop,United Kingdom,2019,10,18,794,10,265882712,38,25,61,0,263
4257818,Made You Look,Meghan Trainor,1,Pop,United States,2022,10,21,3956,6,502574952,142,23,127,3,16
3694791,Midnight Rain,Taylor Swift,1,Pop,United States,2022,10,21,2612,4,433356509,19,29,21,0,0
3146245,"You're On Your Own, Kid",Taylor Swift,1,Pop,United States,2022,10,21,2537,2,348647203,8,18,20,0,1
2284105,Maroon,Taylor Swift,1,Pop,United States,2022,10,21,2304,0,317726339,12,16,14,0,0
1218742,Bejeweled,Taylor Swift,1,Pop,United States,2022,10,21,2699,0,328207708,39,35,22,2,0
5046895,Talking To The Moon,Bruno Mars,1,Pop,United States,2010,10,4,7109,2,1062956628,5,0,862,0,0
7270435,Vigilante Shit,Taylor Swift,1,Pop,United States,2022,10,21,1948,0,253650850,12,9,16,0,0
5899602,Question...?,Taylor Swift,1,Pop,United States,2022,10,21,1608,0,223064273,10,3,12,0,0
6590514,Mastermind,Taylor Swift,1,Pop,United States,2022,10,21,1936,0,218320587,7,5,13,0,0
6372213,Labyrinth,Taylor Swift,1,Pop,United States,2022,10,21,1597,0,187339835,6,3,15,0,0
1386595,Sweet Nothing,Taylor Swift,1,Pop,United States,2022,10,21,1747,0,186104310,9,6,13,0,2
8471839,"Would've, Could've, Should've",Taylor Swift,1,Pop,United States,2022,10,21,1715,0,177503916,4,5,8,0,0
1587452,The Great War,Taylor Swift,1,Pop,United States,2022,10,21,1274,0,181382590,1,6,11,0,0
2341529,Bigger Than The Whole Sky,Taylor Swift,1,Pop,United States,2022,10,21,1180,0,121871870,4,0,8,0,0
7732446,Easy On Me,Adele,1,Pop,United Kingdom,2021,10,14,10195,20,1406111294,258,87,657,22,9
4942277,Maan Meri Jaan,King,1,Pop,India,2022,10,12,288,6,319566866,11,80,1,0,8
4562499,Lift Me Up - From Black Panther: Wakanda Forever - Music From and Inspired By,Rihanna,1,Pop,Barbados,2022,10,28,3311,0,297328960,129,31,212,1,41
1367281,Enemy - from the series Arcane League of Legends,"Imagine Dragons, League of Legends, Arcane",3,Pop rock,United States,2021,10,27,824,0,1223481149,8,8,8,2,0
3153550,Under The Influence,Chris Brown,1,R&B,United States,2019,10,4,3859,26,929964809,133,181,3,0,
7526938,Shirt,SZA,1,R&B,United States,2022,10,28,3469,0,309653982,71,95,31,0,2
3608552,Escapism.,"RAYE, 070 Shake",2,R&B,United Kingdom,2022,10,12,5129,25,532336353,116,84,114,18,348
7298366,positions,Ariana Grande,1,R&B,United States,2020,10,23,8207,0,1252563873,175,55,95,0,2
1899106,Hey Mor,"Ozuna, Feid",2,Reggaeton,Puerto Rico,2022,10,6,4637,38,674072710,63,79,89,11,16
3469822,Gatita,Bellakath,1,Reggaeton,Mexico,2022,10,3,1054,0,168684524,9,0,15,0,1
3574464,Dakiti,"Bad Bunny, Jhay Cortez",2,Reggaeton,Puerto Rico,2020,10,30,11215,21,1763363713,189,166,525,9,25
6773043,En La De Ella,"Feid, Sech, Jhayco",3,Reggaeton,Colombia,2022,10,20,1320,0,133895612,29,26,17,0,0
8990379,Lo Siento BB:/ (with Bad Bunny & Julieta Venegas),"Julieta Venegas, Bad Bunny, Tainy",3,Reggaeton,Puerto Rico,2021,10,5,3423,26,775542072,61,65,53,6,0
3739389,Bohemian Rhapsody - Remastered 2011,Queen,1,Rock,United Kingdom,1975,10,31,40112,3,2197010679,321,162,5691,8,17
7451979,Take On Me,a-ha,1,Synth-pop,Norway,1984,10,19,44927,17,1479115056,34,0,5108,6,0
2987008,Lavender Haze,Taylor Swift,1,Synth-pop,United States,2022,10,21,3763,8,488386797,51,43,38,10,1
6728037,Alone,Burna Boy,1,Afrobeats,Nigeria,2022,11,4,782,2,96007391,27,18,32,1,0
2726514,DANCE CRIP,Trueno,1,Argentine trap,Argentina,2021,11,17,731,0,198883004,14,14,24,0,4
7021208,"Apna Bana Le (From ""Bhediya"")","Arijit Singh, Sachin-Jigar",2,Bollywood,India,2022,11,5,86,0,139836056,11,101,0,0,48
5145584,Envolver,Anitta,1,Brazilian funk,Brazil,2021,11,11,4673,2,546191065,123,113,180,1,4
3087104,The Christmas Song (Merry Christmas To You) - Remastered 1999,Nat King Cole,1,Christmas jazz,United States,1946,11,1,11500,0,389771964,140,72,251,0,0
6900582,Sleigh Ride,The Ronettes,1,Christmas pop,United States,1963,11,22,10114,0,404664135,114,74,262,0,0
8476304,Wonderful Christmastime - Edited Version / Remastered 2011,Paul McCartney,1,Christmas pop,United Kingdom,1979,11,16,1685,0,403939487,1,0,29,0,0
3891081,Do They Know It's Christmas? - 1984 Version,Band Aid,1,Christmas pop,United Kingdom,1984,11,25,14169,0,481697415,209,30,449,0,0
7387090,Merry Christmas,"Ed Sheeran, Elton John",2,Christmas pop,United Kingdom,2017,11,10,2209,0,135723538,72,90,141,0,0
7699876,My Only Wish (This Year),Britney Spears,1,Christmas pop,United States,2000,11,7,6952,0,261116938,115,53,286,0,0
4277985,Let It Snow! Let It Snow! Let It Snow!,Dean Martin,1,Christmas pop,United States,1959,11,16,6512,0,446390129,88,1,277,0,0
3867590,Christmas (Baby Please Come Home),Darlene Love,1,Christmas rock,United States,1963,11,22,9122,0,242767149,121,58,212,0,0
8123858,AMG,"Natanael Cano, Gabito Ballesteros, Peso Pluma",3,Corridos tumbados,Mexico,2022,11,24,995,19,463564958,12,117,9,5,3
2582262,Bar,"Tini, L-Gante",2,Cumbia,Argentina,2021,11,11,755,4,200972675,22,3,0,0,0
8797570,Cold Heart - PNAU Remix,"Dua Lipa, Elton John, Pnau",3,Dance-pop,United Kingdom,2017,11,10,21097,52,1605224506,384,135,1034,37,312
3612400,No Lie,"Sean Paul, Dua Lipa",2,Dancehall,Jamaica,2016,11,18,7370,0,956865266,92,127,1219,0,62
2761463,Down Under (feat. Colin Hay),"Luude, Colin Hay",2,Drum & Bass,Australia,2021,11,19,3541,2,252871192,57,13,50,1,7
4944285,Me and Your Mama,Childish Gambino,1,Funk,United States,2016,11,10,8775,0,445590495,33,60,107,1,0
7137376,Players,Coi Leray,1,Heavy metal,United States,2022,11,30,4096,6,335074782,118,48,143,0,240
4604858,Rich Flex,"Drake, 21 Savage",2,Heavy metal,Canada,2022,11,4,4657,18,573633020,84,84,42,0,23
5694303,Stan,"Eminem, Dido",2,Heavy metal,United States,1999,11,21,17115,0,918915401,83,63,4180,0,0
5974857,Major Distribution,"Drake, 21 Savage",2,Heavy metal,Canada,2022,11,4,1545,0,154863153,22,7,15,0,0
2598352,Pussy & Millions (feat. Travis Scott),"Drake, Travis Scott, 21 Savage",3,Heavy metal,Canada,2022,11,4,1930,0,191333656,24,8,17,0,1
3035987,On BS,"Drake, 21 Savage",2,Heavy metal,Canada,2022,11,4,1338,0,170413877,9,20,7,0,0
3506706,Circo Loco,"Drake, 21 Savage",2,Heavy metal,Canada,2022,11,4,1794,0,141720999,26,9,17,0,3
1438195,Spin Bout U,"Drake, 21 Savage",2,Heavy metal,Canada,2022,11,4,1652,2,198365537,26,52,10,0,95
4322356,Privileged Rappers,"Drake, 21 Savage",2,Heavy metal,Canada,2022,11,4,1007,0,112436403,6,5,3,0,0
3108815,BackOutsideBoyz,Drake,1,Heavy metal,Canada,2022,11,4,1045,0,93367537,8,5,2,0,0
8174233,Broke Boys,"Drake, 21 Savage",2,Heavy metal,Canada,2022,11,4,1060,0,106249219,3,8,5,0,0
5400474,San Lucas,Kevin Kaarl,1,Indie folk,Mexico,2019,11,7,407,1,244891912,5,0,5,0,0
6719600,All Too Well (10 Minute Version) (Taylor's Version) (From The Vault),Taylor Swift,1,Indie folk,United States,2021,11,12,4635,5,583687007,50,49,30,1,2
8584244,I Love You So,The Walters,1,Indie pop,United States,2014,11,28,7536,7,972164968,44,19,135,0,6
5476124,we fell in love in october,girl in red,1,Indie pop,Norway,2018,11,21,6858,0,723043854,31,21,15,0,4
5300224,"Sex, Drugs, Etc.",Beach Weather,1,Indie rock,United States,2016,11,4,3006,16,480507035,47,60,87,12,124
4978027,Dreamers [Music from the FIFA World Cup Qatar 2022 Official Soundtrack],"BTS, Jung Kook, FIFA Sound",3,K-pop,South Korea,2022,11,20,889,20,323358833,11,78,35,0,21
3984533,Con La Brisa,"Ludwig Goransson, Foudeqush",2,Latin,Sweden,2022,11,4,486,0,71095708,8,1,7,0,0
6721865,Todo De Ti,Rauw Alejandro,1,Latin pop,Puerto Rico,2020,11,2,11975,8,1168642797,188,75,268,6,16
7423770,Dos Oruguitas,Sebastian Yatra,1,Latin pop,Colombia,2021,11,19,925,0,167076418,24,47,74,0,0
7235348,We Don't Talk About Bruno,"Adassa, Mauro Castillo, Stephanie Beatriz, Encanto - Cast, Rhenzy Feliz, Diane Guerrero, Carolina Gaitan",7,Latin pop,United States,2021,11,19,2785,0,432719968,95,89,44,0,
1443757,La Jumpa,"Arcangel, Bad Bunny",2,Latin trap,Puerto Rico,2022,11,30,3794,34,538115192,47,77,53,10,8
8553734,A Veces (feat. Feid),"Feid, Paulo Londra",2,Latin trap,Argentina,2022,11,3,573,0,73513683,2,0,7,0,0
3657141,What Else Can I Do?,"Stephanie Beatriz, Diane Guerrero",2,Musical,United States,2021,11,19,802,0,154797871,13,27,8,0,0
4923571,Surface Pressure,Jessica Darrow,1,Musical,United States,2021,11,19,1756,0,267758538,38,48,20,0,0
3559931,The Family Madrigal,"Olga Merediz, Stephanie Beatriz, Encanto - Cast",3,Musical,United States,2021,11,19,1150,0,184937148,20,38,12,0,0
6158916,METAMORPHOSIS,INTERWORLD,1,Phonk,Russia,2021,11,25,1561,24,357580552,18,78,24,0,30
8408827,Someone You Loved,Lewis Capaldi,1,Pop,United Kingdom,2018,11,8,17836,53,2887241814,440,125,1800,0,
3869741,Watermelon Sugar,Harry Styles,1,Pop,United Kingdom,2019,11,17,21915,34,2322580122,437,115,1212,12,
4795987,Night Changes,One Direction,1,Pop,United Kingdom,2014,11,17,7124,18,1131090940,60,20,2,0,
6163158,Before You Go,Lewis Capaldi,1,Pop,United Kingdom,2019,11,1,8327,24,1608045237,205,130,625,0,25
2188178,Love Yourself,Justin Bieber,1,Pop,Canada,2015,11,9,22730,5,2123309722,289,87,2430,0,36
1346774,Hold Me Closer,"Elton John, Britney Spears",2,Pop,United Kingdom,2017,11,10,4967,0,284216603,165,10,177,4,73
3476877,My Mind & Me,Selena Gomez,1,Pop,United States,2022,11,3,953,0,91473363,61,13,37,1,0
2820520,Oh My God,Adele,1,Pop,United Kingdom,2021,11,19,4431,0,466214729,105,7,199,0,0
5311211,I AM WOMAN,Emmy Meli,1,Pop,United States,2021,11,18,2795,0,225259194,45,0,107,0,0
2237089,Rolling in the Deep,Adele,1,Pop,United Kingdom,2010,11,29,35684,6,1472799873,195,125,6280,2,78
7068825,One Right Now (with The Weeknd),"The Weeknd, Post Malone",2,Pop rap,United States,2021,11,5,4771,0,539595276,68,18,75,0,1
5106082,Angels Like You,Miley Cyrus,1,Pop rock,United States,2020,11,27,3372,19,570515054,65,48,138,1,102
7910702,Stargirl Interlude,"The Weeknd, Lana Del Rey",2,R&B,Canada,2016,11,24,1275,32,611700552,13,8,5,0,1
6320673,Reminder,The Weeknd,1,R&B,Canada,2016,11,25,6518,17,684675814,45,85,238,1,47
7298940,Hrs and Hrs,Muni Long,1,R&B,United States,2021,11,19,1800,0,181328253,43,36,46,13,4
7476887,Die For You,The Weeknd,1,R&B,Canada,2016,11,24,2483,59,1647990401,68,21,24,0,259
2432426,Escapism. - Sped Up,"RAYE, 070 Shake",2,R&B,United Kingdom,2022,11,25,1368,0,184308753,12,1,11,0,8
3301347,Die For You,Joji,1,R&B,Canada,2022,11,4,1703,0,246390068,38,45,36,16,0
2092930,Streets,Doja Cat,1,R&B,United States,2019,11,7,5728,0,865640097,85,87,179,0,12
8471078,Punto G,Quevedo,1,Reggaeton,Spain,2022,11,4,1985,35,381161027,34,26,37,5,1
5152397,CAIRO,"Karol G, Ovy On The Drums",2,Reggaeton,Colombia,2022,11,13,2418,26,294352144,52,66,55,1,16
2102834,Sigue,"Ed Sheeran, J Balvin",2,Reggaeton,United Kingdom,1996,11,24,1370,0,106933107,46,8,60,0,0
7204092,Bombonzinho - Ao Vivo,"Israel & Rodolffo, Ana Castela",2,Sertanejo,Brazil,2022,11,3,1254,6,263453310,26,69,73,2,6
4439384,Smokin Out The Window,"Bruno Mars, Anderson .Paak, Silk Sonic",3,Soul,United States,2021,11,5,4963,0,383550148,63,40,76,0,0
2553984,Blinding Lights,The Weeknd,1,Synth-pop,Canada,2019,11,29,43899,69,3703895074,672,199,3421,20,
8333879,TO THE MOON,Jnr Choi,1,Trap,United Kingdom,2021,11,5,2979,0,245095641,44,0,159,0,0
3461405,Antidepresan,"Mabel Matiz, Mert Demir",2,Turkish pop,Turkey,2022,11,4,313,2,136689549,10,6,7,1,9
2817956,Boy's a liar,PinkPantheress,1,UK garage,United Kingdom,2022,11,30,1225,0,156338624,27,0,28,13,0
5930788,Peru,"Ed Sheeran, Fireboy DML",2,Afrobeats,Nigeria,2021,12,23,2999,0,261286503,60,17,154,0,22
4890110,People,Libianca,1,Afrobeats,Cameroon,2022,12,2,3506,56,373199958,105,64,169,8,529
4991676,F2F,SZA,1,Alternative rock,United States,2022,12,9,989,0,67540165,5,9,1,0,0
2068804,Zona De Perigo,Leo Santana,1,Axé,Brazil,2022,12,8,531,4,134294498,20,1,71,2,0
6602768,Jhoome Jo Pathaan,"Arijit Singh, Vishal Dadlani, Sukriti Kakar, Vishal-Shekhar, Shekhar Ravjiani, Kumaar",6,Bollywood,India,2022,12,22,138,4,1365184,13,78,2,0,0
1936946,"Besharam Rang (From ""Pathaan"")","Vishal-Shekhar, Shilpa Rao, Caralisa Monteiro, Kumaar, Vishal Dadlani, Shekhar Ravjiani",6,Bollywood,India,2022,12,12,130,4,140187018,21,79,2,0,0
1236328,Santa Tell Me,Ariana Grande,1,Christmas pop,United States,2013,12,13,9408,0,834129063,231,106,439,0,
2148200,Happy Xmas (War Is Over),"John Lennon, The Harlem Community Choir, The Plastic Ono Band, Yoko Ono",4,Christmas rock,United Kingdom,1971,12,1,10829,0,460492795,130,1,390,0,0
6794169,Ch y la Pizza,"Fuerza Regida, Natanael Cano",2,Corridos tumbados,United States,2022,12,1,536,10,288101651,10,72,8,3,14
6744187,En Paris,"El Chachito, Junior H",2,Corridos tumbados,Mexico,2022,12,24,406,5,198275403,3,31,2,1,0
2840055,One Thing At A Time,Morgan Wallen,1,Country,United States,2022,12,2,811,4,148469433,11,58,5,0,21
5478299,MERCHO,"Migrantes, LiL CaKe, Nico Valdi",3,Cumbia pop,Argentina,2022,12,16,1267,20,231332117,41,22,56,4,84
7717973,Cigarettes,Juice WRLD,1,Emo rap,United States,2021,12,10,975,0,185408548,11,0,10,0,0
8189388,No Role Modelz,J. Cole,1,Heavy metal,United States,2014,12,9,21164,36,1791000570,80,65,476,0,14
2828618,California Love - Original Version (Explicit),"Dr. Dre, 2Pac, Roger",3,Heavy metal,United States,1995,12,28,18773,0,579395142,128,17,1663,0,0
2927588,Creepin',"The Weeknd, 21 Savage, Metro Boomin",3,Hip-hop,United States,2022,12,2,6036,88,843957510,113,149,245,23,27
6143073,On Time (with John Legend),"John Legend, Metro Boomin",2,Hip-hop,United States,2022,12,2,398,0,78139948,2,2,6,0,2
3305057,Wild Flower (with youjeen),RM,1,K-hip-hop,South Korea,2022,12,2,353,2,135611421,2,74,14,0,2
5279142,Ditto,NewJeans,1,K-pop,South Korea,2022,12,19,1154,22,397582059,28,125,11,1,51
1640645,ELEVEN,IVE,1,K-pop,South Korea,2021,12,1,521,1,247737946,17,89,11,0,0
3521113,Christmas Tree,V,1,K-pop,South Korea,2021,12,24,509,9,317622165,8,106,6,0,8
8001796,Marisola - Remix,"Duki, NICKI NICOLE, Cris Mj, Standly, Stars Music Chile",5,Latin trap,Argentina,2022,12,15,1845,16,223582566,20,8,30,2,0
3885692,"Tiago PZK: Bzrp Music Sessions, Vol. 48","Bizarrap, Tiago pzk",2,Latin trap,Argentina,2021,12,29,1678,12,374191487,20,4,15,1,3
2797126,Caile,Luar La L,1,Latin trap,Puerto Rico,2020,12,18,1494,2,273914335,17,12,15,0,0
3381390,Tak Segampang Itu,Anggi Marito,1,Pop,Indonesia,2022,12,2,213,6,179659294,7,6,0,0,48
5555264,Sunroof,"Nicky Youre, Dazy",2,Pop,United States,2021,12,3,3741,17,652704649,156,35,110,19,0
4923214,It'll Be Okay,Shawn Mendes,1,Pop,Canada,2021,12,1,1950,0,287201015,56,8,104,0,10
8483246,Adore You,Harry Styles,1,Pop,United Kingdom,2019,12,6,13454,1,1439191367,246,71,519,2,5
6327262,Falling,Harry Styles,1,Pop,United Kingdom,2019,12,13,7556,0,1023187129,124,24,254,0,8
2977289,Golden,Harry Styles,1,Pop,United Kingdom,2019,12,13,8429,1,807015863,85,24,200,0,2
8033263,SloMo,Chanel,1,Pop,Spain,2021,12,24,1211,0,65719930,31,0,19,0,2
3369956,Locked Out Of Heaven,Bruno Mars,1,Pop,United States,2012,12,5,1622,9,1481349984,0,0,356,0,0
3509026,When I Was Your Man,Bruno Mars,1,Pop,United States,2012,12,5,2420,11,1661187319,0,0,806,0,0
4311407,Snooze,SZA,1,R&B,United States,2022,12,9,2839,25,399686758,58,156,42,1,236
8465611,The Color Violet,Tory Lanez,1,R&B,Canada,2021,12,10,2585,32,415932686,3,79,21,1,54
2578085,Low,SZA,1,R&B,United States,2022,12,9,1911,0,272377463,23,71,14,0,9
3923468,Nobody Gets Me,SZA,1,R&B,United States,2022,12,9,2536,6,284908316,59,100,58,13,2
8689972,Blind,SZA,1,R&B,United States,2022,12,9,1484,0,163284000,22,51,12,0,0
6775509,Good Days,SZA,1,R&B,United States,2020,12,24,10426,2,826623384,133,109,182,1,10
6791135,Seek & Destroy,SZA,1,R&B,United States,2022,12,9,1007,0,98709329,5,31,1,0,0
4989276,Love Language,SZA,1,R&B,United States,2022,12,9,1127,0,110849052,16,63,8,0,0
4611820,Special,SZA,1,R&B,United States,2022,12,9,906,0,88092256,6,21,3,0,0
7780139,SOS,SZA,1,R&B,United States,2022,12,9,827,0,73981293,6,18,1,0,0
7122267,Open Arms (feat. Travis Scott),"SZA, Travis Scott",2,R&B,United States,2022,12,8,1420,4,155653938,13,87,17,0,46
2070479,Gone Girl,SZA,1,R&B,United States,2022,12,9,892,0,65362788,3,17,2,0,0
2628329,Notice Me,SZA,1,R&B,United States,2022,12,9,819,0,62019074,14,22,0,0,0
3782910,I Hate U,SZA,1,R&B,United States,2021,12,3,4094,0,356709897,66,96,43,0,0
7103818,Smoking on my Ex Pack,SZA,1,R&B,United States,2022,12,9,811,0,57144458,6,11,3,0,0
2587921,Conceited,SZA,1,R&B,United States,2022,12,9,899,0,56870689,2,14,2,0,0
2678616,Too Late,SZA,1,R&B,United States,2022,12,8,714,0,49262961,0,9,2,0,0
5602322,Far,SZA,1,R&B,United States,2022,12,9,680,0,51641685,2,15,1,0,0
5025330,Kill Bill,SZA,1,R&B,United States,2022,12,8,8109,77,1163093654,183,162,161,12,187
3439901,Used (feat. Don Toliver),"SZA, Don Toliver",2,R&B,United States,2022,12,8,1042,0,94005786,7,29,3,0,0
5179092,Ghost in the Machine (feat. Phoebe Bridgers),"SZA, Phoebe Bridgers",2,R&B,United States,2022,12,9,1634,0,110073250,16,20,4,0,0
2415106,Yandel 150,"Yandel, Feid",2,Reggaeton,Puerto Rico,2022,12,20,3618,38,585695368,47,74,80,14,194
1054764,CHORRITO PA LAS ANIMAS,Feid,1,Reggaeton,Colombia,2022,12,2,2321,36,345031710,29,65,34,5,3
2339996,Gato de Noche,"Nengo Flow, Bad Bunny",2,Reggaeton,Puerto Rico,2022,12,22,2651,30,304118600,21,55,32,3,0
5615912,La Bebe,Yng Lvcas,1,Reggaeton,Mexico,2021,12,24,489,17,191945597,4,11,5,1,2
2003358,Mujeriego,Ryan Castro,1,Reggaeton,Colombia,2021,12,17,1492,0,231996128,44,63,91,0,24
8110201,Que Vuelvas,"Carin Leon, Grupo Frontera",2,Regional Mexican,Mexico,2022,12,9,763,26,2762,21,110,21,9,71
4031115,Bebe Dame,"Fuerza Regida, Grupo Frontera",2,Regional Mexican,United States,2022,12,16,849,22,367316268,27,129,21,7,111
7243247,I Really Want to Stay at Your House,"Rosa Walton, Hallie Coggins",2,Synth-pop,United Kingdom,2020,12,18,668,1,140430339,0,0,31,0,
2540650,Too Many Nights (feat. Don Toliver & with Future),"Future, Metro Boomin, Don Toliver",3,Trap,United States,2022,12,2,2110,58,286400165,17,119,19,2,266
2121928,Trance (with Travis Scott & Young Thug),"Travis Scott, Young Thug, Metro Boomin",3,Trap,United States,2022,12,2,1682,46,276259178,24,90,30,1,176
1718193,Niagara Falls (Foot or 2) [with Travis Scott & 21 Savage],"Travis Scott, 21 Savage, Metro Boomin",3,Trap,United States,2022,12,2,1602,0,195516622,12,22,12,0,2
8283550,Raindrops (Insane) [with Travis Scott],"Travis Scott, Metro Boomin",2,Trap,United States,2022,12,2,880,0,110649992,3,7,10,0,0
3023667,Sky,Playboi Carti,1,Trap,United States,2020,12,25,3297,3,506778838,25,3,52,0,1
3512881,Superhero (Heroes & Villains) [with Future & Chris Brown],"Future, Chris Brown, Metro Boomin",3,Trap,United States,2022,12,2,2959,16,401036314,41,69,38,0,36
5073649,LET GO,Central Cee,1,UK drill,United Kingdom,2022,12,15,2301,20,298063749,49,23,110,0,8